sr.no,depute geography,depute country,depute Branch,depute datacenter,questions,answer
1,Oceania,Australia,Pune Office,DC-05,Strength of Company,通过更清晰的服务级别协议和更快的响应可以改善团队支持。 Thank you. (ref:1)
2,Africa,South Africa,Mumbai Office,Cloud-West,What do you appreciate most about Company?,J'apprécie la culture collaborative et les opportunités de développement. (ref:2)
3,Africa,South Africa,Paris Office,DC-04,Where can team support be improved,ツールと自動化への投資を増やすと良いでしょう。 (ref:3)
4,Asia,Japan,Seoul Office,Cloud-West,Areas of improvement,J'apprécie la culture collaborative et les opportunités de développement. (ref:4)
5,South America,Brazil,Tokyo Hub,Cloud-West,What do you appreciate most about Company?,强有力的领导和明确的战略方向。 (ref:5)
6,Asia,Singapore,Paris Office,DC-02,Where can team support be improved,Starke Führung und klare strategische Ausrichtung. (ref:6)
7,Africa,Kenya,Mumbai Office,DC-04,What do you appreciate most about Company?,Strong leadership and clear strategic direction. (ref:7)
8,Asia,Japan,Sydney Office,DC-02,Where can team support be improved,El apoyo del equipo podría mejorar con SLAs más claros y respuestas más rápidas. (ref:8)
9,Europe,Spain,Madrid Office,DC-04,Areas of improvement,Die Teamunterstützung könnte durch klarere SLAs und schnellere Reaktionen verbessert werden。 (ref:9)
10,Africa,Nigeria,Paris Office,DC-04,Strength of Company,Liderazgo fuerte y dirección estratégica clara. (ref:10)
11,Oceania,Australia,Singapore Office,Cloud-East,What do you appreciate most about Company?,Me gusta el ambiente de trabajo colaborativo y las oportunidades de crecimiento. (ref:11)
12,North America,Canada,Tokyo Hub,DC-04,Areas of improvement,Mehr Investitionen in Tools und Automatisierung wären hilfreich. (ref:12)
13,Oceania,New Zealand,Berlin Branch,DC-05,Strength of Company,在工具和自动化方面投入更多会有帮助。 (ref:13)
14,Oceania,New Zealand,Mumbai Office,Cloud-West,Areas of improvement,我很欣赏公司的协作文化和职业发展机会。 (ref:14)
15,Asia,India,Sydney Office,DC-02,Strength of Company,Die Teamunterstützung könnte durch klarere SLAs und schnellere Reaktionen verbessert werden。 (ref:15)
16,Asia,Singapore,Beijing Center,DC-07,Where can team support be improved,在工具和自动化方面投入更多会有帮助。 (ref:16)
17,Asia,India,Singapore Office,DC-06,Areas of improvement,Liderança forte e direção estratégica clara. Danke! (ref:17)
18,Europe,United Kingdom,Pune Office,DC-05,Strength of Company,Aprecio a cultura colaborativa e as oportunidades de crescimento. (ref:18)
19,South America,Peru,Mumbai Office,DC-04,Strength of Company,会社の協力的な文化と成長の機会を評価しています。 (ref:19)
20,Africa,South Africa,Mumbai Office,Cloud-East,Where can team support be improved,强有力的领导和明确的战略方向。 (ref:20)
21,South America,Argentina,Pune Office,DC-04,What do you appreciate most about Company?,Mehr Investitionen in Tools und Automatisierung wären hilfreich. (ref:21)
22,Africa,Nigeria,Berlin Branch,Cloud-Africa,Strength of Company,Team support could be improved by clearer SLAs and faster responses. (ref:22)
23,Europe,Italy,Toronto Branch,DC-04,Areas of improvement,Die Teamunterstützung könnte durch klarere SLAs und schnellere Reaktionen verbessert werden。 (ref:23)
24,North America,Mexico,Cape Town Hub,DC-02,Strength of Company,Liderança forte e direção estratégica clara. Obrigado. (ref:24)
25,Europe,Italy,São Paulo Unit,DC-01,What do you appreciate most about Company?,Me gusta el ambiente de trabajo colaborativo y las oportunidades de crecimiento. (ref:25)
26,Asia,China,Tokyo Hub,DC-06,Strength of Company,Mehr Investitionen in Tools und Automatisierung wären hilfreich. (ref:26)
27,Europe,Italy,Mumbai Office,Cloud-Africa,Strength of Company,More investment in tooling and automation would help. Gracias. (ref:27)
28,Oceania,New Zealand,Madrid Office,Cloud-West,Where can team support be improved,通过更清晰的服务级别协议和更快的响应可以改善团队支持。 Thank you. (ref:28)
29,Oceania,Australia,Pune Office,Cloud-West,Areas of improvement,Aprecio a cultura colaborativa e as oportunidades de crescimento. Strong leadership and clear strategic direction. Obrigado. (ref:29)
30,North America,USA,Beijing Center,DC-03,Areas of improvement,Ich schätze die kollaborative Kultur und die Entwicklungsmöglichkeiten. (ref:30)
31,Africa,South Africa,Pune Office,DC-06,What do you appreciate most about Company?,明確なSLAと迅速な対応でチームのサポートを改善できます。 Strong leadership and clear strategic direction. 会社の協力的な文化と成長の機会を評価しています。 (ref:31)
32,North America,USA,Sydney Office,Cloud-West,What do you appreciate most about Company?,I appreciate the collaborative culture and growth opportunities. (ref:32)
33,South America,Colombia,New York Branch,Cloud-West,Where can team support be improved,Starke Führung und klare strategische Ausrichtung. (ref:33)
34,Asia,South Korea,Seoul Office,DC-06,What do you appreciate most about Company?,Me gusta el ambiente de trabajo colaborativo y las oportunidades de crecimiento. Danke! (ref:34)
35,Africa,Nigeria,Pune Office,DC-06,What do you appreciate most about Company?,Ich schätze die kollaborative Kultur und die Entwicklungsmöglichkeiten. Team support could be improved by clearer SLAs and faster responses. 谢谢。 (ref:35)
36,North America,USA,Mumbai Office,DC-04,What do you appreciate most about Company?,More investment in tooling and automation would help. (ref:36)
37,Africa,Kenya,New York Branch,DC-04,Areas of improvement,強力なリーダーシップと明確な戦略的方向性。 Thank you. (ref:37)
38,South America,Colombia,Madrid Office,DC-02,What do you appreciate most about Company?,ツールと自動化への投資を増やすと良いでしょう。 (ref:38)
39,Asia,South Korea,São Paulo Unit,DC-06,Areas of improvement,强有力的领导和明确的战略方向。 (ref:39)
40,Europe,Spain,New York Branch,DC-03,Where can team support be improved,O suporte da equipe pode ser melhorado com SLAs mais claros e respostas mais rápidas。 Starke Führung und klare strategische Ausrichtung. (ref:40)
41,Oceania,Australia,Singapore Office,DC-06,Areas of improvement,Aprecio a cultura colaborativa e as oportunidades de crescimento. 我很欣赏公司的协作文化和职业发展机会。 (ref:41)
42,Asia,South Korea,Berlin Branch,DC-05,Areas of improvement,O suporte da equipe pode ser melhorado com SLAs mais claros e respostas mais rápidas。 (ref:42)
43,Oceania,New Zealand,Paris Office,Cloud-Africa,Areas of improvement,Me gusta el ambiente de trabajo colaborativo y las oportunidades de crecimiento. Ich schätze die kollaborative Kultur und die Entwicklungsmöglichkeiten. (ref:43)
44,South America,Brazil,Pune Office,Cloud-East,Strength of Company,Liderazgo fuerte y dirección estratégica clara. Danke! (ref:44)
45,Africa,Egypt,Paris Office,DC-01,What do you appreciate most about Company?,O suporte da equipe pode ser melhorado com SLAs mais claros e respostas mais rápidas。 (ref:45)
46,Africa,South Africa,Sydney Office,Cloud-East,Strength of Company,Me gusta el ambiente de trabajo colaborativo y las oportunidades de crecimiento. (ref:46)
47,Asia,China,São Paulo Unit,DC-04,What do you appreciate most about Company?,在工具和自动化方面投入更多会有帮助。 (ref:47)
48,North America,Mexico,Seoul Office,DC-03,Strength of Company,会社の協力的な文化と成長の機会を評価しています。 More investment in tooling and automation would help. Thank you. (ref:48)
49,South America,Colombia,Toronto Branch,DC-04,Areas of improvement,O suporte da equipe pode ser melhorado com SLAs mais claros e respostas mais rápidas。 Gracias. (ref:49)
50,North America,USA,São Paulo Unit,Cloud-Africa,Areas of improvement,Strong leadership and clear strategic direction. (ref:50)
51,Oceania,Australia,Beijing Center,Cloud-East,Areas of improvement,明確なSLAと迅速な対応でチームのサポートを改善できます。 Liderazgo fuerte y dirección estratégica clara. (ref:51)
52,Africa,Egypt,Singapore Office,DC-06,Areas of improvement,Aprecio a cultura colaborativa e as oportunidades de crescimento. Liderazgo fuerte y dirección estratégica clara. よろしくお願いします。 (ref:52)
53,Asia,India,Mumbai Office,Cloud-West,Areas of improvement,Liderança forte e direção estratégica clara. (ref:53)
54,Africa,South Africa,Beijing Center,DC-07,Strength of Company,O suporte da equipe pode ser melhorado com SLAs mais claros e respostas mais rápidas。 (ref:54)
55,Africa,Nigeria,Madrid Office,Cloud-West,What do you appreciate most about Company?,Liderança forte e direção estratégica clara. Team support could be improved by clearer SLAs and faster responses. (ref:55)
56,Asia,China,Paris Office,DC-05,Where can team support be improved,O suporte da equipe pode ser melhorado com SLAs mais claros e respostas mais rápidas。 (ref:56)
57,Europe,France,Beijing Center,Cloud-West,Strength of Company,Starke Führung und klare strategische Ausrichtung. (ref:57)
58,Asia,China,New York Branch,DC-04,Where can team support be improved,Team support could be improved by clearer SLAs and faster responses. (ref:58)
59,North America,Canada,Cape Town Hub,DC-04,Where can team support be improved,通过更清晰的服务级别协议和更快的响应可以改善团队支持。 Gracias. (ref:59)
60,South America,Peru,Singapore Office,DC-07,Areas of improvement,明確なSLAと迅速な対応でチームのサポートを改善できます。 (ref:60)
61,South America,Argentina,Toronto Branch,DC-04,Strength of Company,Strong leadership and clear strategic direction. (ref:61)
62,Africa,South Africa,Cape Town Hub,Cloud-West,Strength of Company,強力なリーダーシップと明確な戦略的方向性。 (ref:62)
63,Europe,France,Singapore Office,DC-01,What do you appreciate most about Company?,Strong leadership and clear strategic direction. Thank you. (ref:63)
64,Africa,Egypt,Pune Office,DC-06,Strength of Company,Aprecio a cultura colaborativa e as oportunidades de crescimento. Más inversión en herramientas y automatización ayudaría. Danke! (ref:64)
65,Oceania,New Zealand,Toronto Branch,Cloud-Africa,Where can team support be improved,在工具和自动化方面投入更多会有帮助。 Más inversión en herramientas y automatización ayudaría. (ref:65)
66,Oceania,New Zealand,Cape Town Hub,DC-05,Strength of Company,Liderazgo fuerte y dirección estratégica clara. 明確なSLAと迅速な対応でチームのサポートを改善できます。 (ref:66)
67,North America,Mexico,São Paulo Unit,DC-05,Where can team support be improved,Starke Führung und klare strategische Ausrichtung. (ref:67)
68,South America,Chile,Paris Office,DC-02,Strength of Company,強力なリーダーシップと明確な戦略的方向性。 (ref:68)
69,Oceania,Australia,Tokyo Hub,Cloud-West,Where can team support be improved,Más inversión en herramientas y automatización ayudaría. (ref:69)
70,Europe,United Kingdom,Beijing Center,DC-07,What do you appreciate most about Company?,明確なSLAと迅速な対応でチームのサポートを改善できます。 ツールと自動化への投資を増やすと良いでしょう。 (ref:70)
71,Asia,China,New York Branch,Cloud-West,Where can team support be improved,通过更清晰的服务级别协议和更快的响应可以改善团队支持。 (ref:71)
72,Africa,Nigeria,Cape Town Hub,DC-04,Areas of improvement,I appreciate the collaborative culture and growth opportunities. (ref:72)
73,Oceania,New Zealand,Seoul Office,DC-03,Where can team support be improved,Team support could be improved by clearer SLAs and faster responses. 在工具和自动化方面投入更多会有帮助。 Danke! (ref:73)
74,Africa,South Africa,Tokyo Hub,Cloud-West,Strength of Company,会社の協力的な文化と成長の機会を評価しています。 Me gusta el ambiente de trabajo colaborativo y las oportunidades de crecimiento. (ref:74)
75,South America,Argentina,Cape Town Hub,Cloud-East,Areas of improvement,強力なリーダーシップと明確な戦略的方向性。 (ref:75)
76,North America,Canada,Sydney Office,DC-02,Where can team support be improved,在工具和自动化方面投入更多会有帮助。 よろしくお願いします。 (ref:76)
77,Europe,Germany,Toronto Branch,DC-01,What do you appreciate most about Company?,J'apprécie la culture collaborative et les opportunités de développement. I appreciate the collaborative culture and growth opportunities. (ref:77)
78,Europe,France,Cape Town Hub,DC-02,Strength of Company,Liderazgo fuerte y dirección estratégica clara. (ref:78)
79,Europe,Italy,Mumbai Office,DC-02,Strength of Company,Aprecio a cultura colaborativa e as oportunidades de crescimento. ツールと自動化への投資を増やすと良いでしょう。 I appreciate the collaborative culture and growth opportunities. (ref:79)
80,Africa,Egypt,Beijing Center,DC-04,What do you appreciate most about Company?,El apoyo del equipo podría mejorar con SLAs más claros y respuestas más rápidas. (ref:80)
81,Oceania,New Zealand,Sydney Office,DC-07,What do you appreciate most about Company?,ツールと自動化への投資を増やすと良いでしょう。 (ref:81)
82,South America,Peru,Beijing Center,Cloud-East,What do you appreciate most about Company?,Liderança forte e direção estratégica clara. Danke! (ref:82)
83,North America,USA,Beijing Center,Cloud-East,Where can team support be improved,More investment in tooling and automation would help. Obrigado. (ref:83)
84,Oceania,New Zealand,Mumbai Office,DC-06,Where can team support be improved,通过更清晰的服务级别协议和更快的响应可以改善团队支持。 (ref:84)
85,South America,Argentina,Sydney Office,DC-02,Areas of improvement,Strong leadership and clear strategic direction. 明確なSLAと迅速な対応でチームのサポートを改善できます。 (ref:85)
86,Africa,Egypt,Madrid Office,DC-01,Where can team support be improved,会社の協力的な文化と成長の機会を評価しています。 Mehr Investitionen in Tools und Automatisierung wären hilfreich. (ref:86)
87,South America,Chile,New York Branch,DC-07,Areas of improvement,Mais investimento em ferramentas e automação ajudaria. (ref:87)
88,Asia,Japan,Seoul Office,Cloud-West,Where can team support be improved,Strong leadership and clear strategic direction. (ref:88)
89,Oceania,New Zealand,Cape Town Hub,DC-01,What do you appreciate most about Company?,強力なリーダーシップと明確な戦略的方向性。 (ref:89)
90,South America,Peru,Madrid Office,Cloud-Africa,Areas of improvement,通过更清晰的服务级别协议和更快的响应可以改善团队支持。 (ref:90)
91,South America,Colombia,New York Branch,DC-05,Areas of improvement,通过更清晰的服务级别协议和更快的响应可以改善团队支持。 Gracias. (ref:91)
92,Oceania,Australia,São Paulo Unit,DC-04,Where can team support be improved,ツールと自動化への投資を増やすと良いでしょう。 (ref:92)
93,Africa,Kenya,Tokyo Hub,DC-04,Areas of improvement,会社の協力的な文化と成長の機会を評価しています。 (ref:93)
94,Oceania,Australia,New York Branch,DC-01,What do you appreciate most about Company?,O suporte da equipe pode ser melhorado com SLAs mais claros e respostas mais rápidas。 (ref:94)
95,Oceania,New Zealand,Tokyo Hub,DC-01,Areas of improvement,Más inversión en herramientas y automatización ayudaría. (ref:95)
96,Asia,China,Sydney Office,Cloud-Africa,What do you appreciate most about Company?,強力なリーダーシップと明確な戦略的方向性。 Mehr Investitionen in Tools und Automatisierung wären hilfreich. Thank you. (ref:96)
97,Oceania,Australia,Berlin Branch,DC-03,Areas of improvement,Strong leadership and clear strategic direction. Danke! (ref:97)
98,Africa,Nigeria,Toronto Branch,DC-06,Where can team support be improved,Más inversión en herramientas y automatización ayudaría. (ref:98)
99,Africa,Egypt,New York Branch,DC-07,What do you appreciate most about Company?,通过更清晰的服务级别协议和更快的响应可以改善团队支持。 谢谢。 (ref:99)
100,Oceania,Australia,New York Branch,DC-02,Strength of Company,在工具和自动化方面投入更多会有帮助。 Gracias. (ref:100)
101,North America,Canada,Seoul Office,DC-07,Where can team support be improved,Strong leadership and clear strategic direction. (ref:101)
102,South America,Colombia,Tokyo Hub,DC-04,Areas of improvement,El apoyo del equipo podría mejorar con SLAs más claros y respuestas más rápidas. (ref:102)
103,Europe,United Kingdom,Tokyo Hub,DC-06,Strength of Company,Liderazgo fuerte y dirección estratégica clara. (ref:103)
104,Asia,India,Berlin Branch,DC-05,Areas of improvement,Más inversión en herramientas y automatización ayudaría. (ref:104)
105,Oceania,New Zealand,New York Branch,DC-06,Where can team support be improved,Team support could be improved by clearer SLAs and faster responses. Danke! (ref:105)
106,Oceania,New Zealand,Mumbai Office,DC-05,What do you appreciate most about Company?,Die Teamunterstützung könnte durch klarere SLAs und schnellere Reaktionen verbessert werden。 (ref:106)
107,Africa,South Africa,Toronto Branch,DC-05,What do you appreciate most about Company?,会社の協力的な文化と成長の機会を評価しています。 (ref:107)
108,Oceania,New Zealand,New York Branch,DC-03,Where can team support be improved,Mehr Investitionen in Tools und Automatisierung wären hilfreich. (ref:108)
109,North America,Canada,Beijing Center,Cloud-East,Areas of improvement,会社の協力的な文化と成長の機会を評価しています。 (ref:109)
110,Oceania,New Zealand,New York Branch,Cloud-West,What do you appreciate most about Company?,Liderança forte e direção estratégica clara. (ref:110)
111,Asia,Singapore,Sydney Office,DC-06,What do you appreciate most about Company?,在工具和自动化方面投入更多会有帮助。 (ref:111)
112,Asia,Japan,Paris Office,Cloud-East,Where can team support be improved,明確なSLAと迅速な対応でチームのサポートを改善できます。 よろしくお願いします。 (ref:112)
113,Africa,Nigeria,New York Branch,Cloud-Africa,Where can team support be improved,El apoyo del equipo podría mejorar con SLAs más claros y respuestas más rápidas. (ref:113)
114,Europe,France,New York Branch,DC-06,What do you appreciate most about Company?,Ich schätze die kollaborative Kultur und die Entwicklungsmöglichkeiten. (ref:114)
115,Asia,Singapore,Tokyo Hub,DC-03,Where can team support be improved,Starke Führung und klare strategische Ausrichtung. Mais investimento em ferramentas e automação ajudaria. (ref:115)
116,North America,Canada,Cape Town Hub,DC-04,Where can team support be improved,強力なリーダーシップと明確な戦略的方向性。 Obrigado. (ref:116)
117,Africa,Nigeria,Sydney Office,DC-02,Areas of improvement,More investment in tooling and automation would help. (ref:117)
118,Africa,Kenya,Sydney Office,DC-01,Areas of improvement,ツールと自動化への投資を増やすと良いでしょう。 (ref:118)
119,Oceania,New Zealand,Sydney Office,DC-03,Where can team support be improved,强有力的领导和明确的战略方向。 (ref:119)
120,Africa,Egypt,Cape Town Hub,Cloud-East,Strength of Company,Strong leadership and clear strategic direction. ツールと自動化への投資を増やすと良いでしょう。 強力なリーダーシップと明確な戦略的方向性。 (ref:120)
121,North America,USA,Madrid Office,Cloud-Africa,Where can team support be improved,Die Teamunterstützung könnte durch klarere SLAs und schnellere Reaktionen verbessert werden。 (ref:121)
122,Oceania,Australia,Cape Town Hub,DC-01,Strength of Company,ツールと自動化への投資を増やすと良いでしょう。 (ref:122)
123,Asia,Singapore,Tokyo Hub,DC-06,Where can team support be improved,我很欣赏公司的协作文化和职业发展机会。 (ref:123)
124,Oceania,Australia,Tokyo Hub,Cloud-Africa,Areas of improvement,O suporte da equipe pode ser melhorado com SLAs mais claros e respostas mais rápidas。 (ref:124)
125,Asia,China,Sydney Office,DC-06,Where can team support be improved,El apoyo del equipo podría mejorar con SLAs más claros y respuestas más rápidas. O suporte da equipe pode ser melhorado com SLAs mais claros e respostas mais rápidas。 明確なSLAと迅速な対応でチームのサポートを改善できます。 (ref:125)
126,Africa,South Africa,Mumbai Office,DC-02,Strength of Company,Starke Führung und klare strategische Ausrichtung. (ref:126)
127,Oceania,Australia,Beijing Center,DC-02,What do you appreciate most about Company?,O suporte da equipe pode ser melhorado com SLAs mais claros e respostas mais rápidas。 (ref:127)
128,Asia,India,Madrid Office,DC-01,Areas of improvement,More investment in tooling and automation would help. Obrigado. (ref:128)
129,North America,Mexico,Singapore Office,DC-03,Strength of Company,Team support could be improved by clearer SLAs and faster responses. (ref:129)
130,Africa,Nigeria,Cape Town Hub,DC-07,Strength of Company,El apoyo del equipo podría mejorar con SLAs más claros y respuestas más rápidas. (ref:130)
131,South America,Brazil,Toronto Branch,Cloud-Africa,Areas of improvement,会社の協力的な文化と成長の機会を評価しています。 よろしくお願いします。 (ref:131)
132,Africa,Kenya,Singapore Office,Cloud-West,Areas of improvement,Starke Führung und klare strategische Ausrichtung. Danke! (ref:132)
133,North America,USA,São Paulo Unit,Cloud-West,Areas of improvement,O suporte da equipe pode ser melhorado com SLAs mais claros e respostas mais rápidas。 (ref:133)
134,Oceania,New Zealand,New York Branch,DC-01,What do you appreciate most about Company?,通过更清晰的服务级别协议和更快的响应可以改善团队支持。 Mehr Investitionen in Tools und Automatisierung wären hilfreich. (ref:134)
135,South America,Argentina,Mumbai Office,Cloud-East,Strength of Company,Team support could be improved by clearer SLAs and faster responses. (ref:135)
136,Oceania,Australia,Singapore Office,DC-02,What do you appreciate most about Company?,Más inversión en herramientas y automatización ayudaría. よろしくお願いします。 (ref:136)
137,Oceania,Australia,Tokyo Hub,DC-05,Areas of improvement,会社の協力的な文化と成長の機会を評価しています。 (ref:137)
138,Africa,Kenya,Paris Office,DC-06,Areas of improvement,Liderazgo fuerte y dirección estratégica clara. Mehr Investitionen in Tools und Automatisierung wären hilfreich. (ref:138)
139,South America,Chile,Toronto Branch,DC-02,Where can team support be improved,我很欣赏公司的协作文化和职业发展机会。 明確なSLAと迅速な対応でチームのサポートを改善できます。 Strong leadership and clear strategic direction. (ref:139)
140,Oceania,New Zealand,Sydney Office,DC-06,Areas of improvement,強力なリーダーシップと明確な戦略的方向性。 Obrigado. (ref:140)
141,Asia,Singapore,Madrid Office,DC-05,Where can team support be improved,强有力的领导和明确的战略方向。 Aprecio a cultura colaborativa e as oportunidades de crescimento. (ref:141)
142,North America,USA,Mumbai Office,DC-06,Areas of improvement,Strong leadership and clear strategic direction. El apoyo del equipo podría mejorar con SLAs más claros y respuestas más rápidas. Danke! (ref:142)
143,Oceania,New Zealand,Singapore Office,Cloud-West,What do you appreciate most about Company?,Me gusta el ambiente de trabajo colaborativo y las oportunidades de crecimiento. (ref:143)
144,North America,USA,Tokyo Hub,DC-04,Strength of Company,强有力的领导和明确的战略方向。 (ref:144)
145,Oceania,New Zealand,Mumbai Office,DC-03,Where can team support be improved,Mehr Investitionen in Tools und Automatisierung wären hilfreich. (ref:145)
146,South America,Brazil,Seoul Office,Cloud-East,Strength of Company,Strong leadership and clear strategic direction. (ref:146)
147,Asia,China,Paris Office,Cloud-East,What do you appreciate most about Company?,J'apprécie la culture collaborative et les opportunités de développement. (ref:147)
148,North America,USA,Singapore Office,DC-04,What do you appreciate most about Company?,Liderança forte e direção estratégica clara. (ref:148)
149,Europe,Italy,São Paulo Unit,DC-02,Strength of Company,Strong leadership and clear strategic direction. (ref:149)
150,Europe,Italy,Pune Office,DC-05,Strength of Company,在工具和自动化方面投入更多会有帮助。 Liderazgo fuerte y dirección estratégica clara. 会社の協力的な文化と成長の機会を評価しています。 Gracias. (ref:150)
151,Europe,Germany,Madrid Office,DC-04,Areas of improvement,Liderazgo fuerte y dirección estratégica clara. Thank you. (ref:151)
152,North America,Mexico,Tokyo Hub,DC-02,Where can team support be improved,强有力的领导和明确的战略方向。 (ref:152)
153,Asia,Singapore,Paris Office,DC-04,What do you appreciate most about Company?,Die Teamunterstützung könnte durch klarere SLAs und schnellere Reaktionen verbessert werden。 (ref:153)
154,North America,Mexico,Pune Office,DC-01,Where can team support be improved,More investment in tooling and automation would help. Die Teamunterstützung könnte durch klarere SLAs und schnellere Reaktionen verbessert werden。 Thank you. (ref:154)
155,North America,USA,Tokyo Hub,Cloud-East,Strength of Company,Liderazgo fuerte y dirección estratégica clara. (ref:155)
156,Africa,Kenya,Beijing Center,DC-07,Areas of improvement,Team support could be improved by clearer SLAs and faster responses. (ref:156)
157,Oceania,Australia,Sydney Office,DC-06,Strength of Company,Strong leadership and clear strategic direction. (ref:157)
158,North America,Canada,Beijing Center,DC-02,Areas of improvement,Die Teamunterstützung könnte durch klarere SLAs und schnellere Reaktionen verbessert werden。 (ref:158)
159,Europe,United Kingdom,Tokyo Hub,DC-02,What do you appreciate most about Company?,Aprecio a cultura colaborativa e as oportunidades de crescimento. (ref:159)
160,South America,Argentina,Paris Office,DC-01,Areas of improvement,More investment in tooling and automation would help. (ref:160)
161,Oceania,New Zealand,Sydney Office,DC-01,Areas of improvement,强有力的领导和明确的战略方向。 Obrigado. (ref:161)
162,Europe,France,Singapore Office,Cloud-Africa,Strength of Company,强有力的领导和明确的战略方向。 在工具和自动化方面投入更多会有帮助。 (ref:162)
163,South America,Peru,São Paulo Unit,Cloud-West,What do you appreciate most about Company?,Die Teamunterstützung könnte durch klarere SLAs und schnellere Reaktionen verbessert werden。 (ref:163)
164,South America,Brazil,Berlin Branch,DC-05,Areas of improvement,强有力的领导和明确的战略方向。 I appreciate the collaborative culture and growth opportunities. 谢谢。 (ref:164)
165,Africa,Egypt,Tokyo Hub,DC-03,What do you appreciate most about Company?,Mais investimento em ferramentas e automação ajudaria. (ref:165)
166,North America,Canada,Madrid Office,DC-03,Areas of improvement,Liderança forte e direção estratégica clara. (ref:166)
167,Africa,South Africa,Pune Office,DC-03,Strength of Company,Me gusta el ambiente de trabajo colaborativo y las oportunidades de crecimiento. (ref:167)
168,South America,Colombia,Singapore Office,Cloud-West,Where can team support be improved,More investment in tooling and automation would help. (ref:168)
169,Africa,South Africa,Madrid Office,Cloud-West,What do you appreciate most about Company?,Die Teamunterstützung könnte durch klarere SLAs und schnellere Reaktionen verbessert werden。 (ref:169)
170,Africa,Kenya,Pune Office,DC-04,Where can team support be improved,Me gusta el ambiente de trabajo colaborativo y las oportunidades de crecimiento. I appreciate the collaborative culture and growth opportunities. J'apprécie la culture collaborative et les opportunités de développement. (ref:170)
171,Europe,France,Toronto Branch,DC-05,Areas of improvement,I appreciate the collaborative culture and growth opportunities. (ref:171)
172,North America,USA,Berlin Branch,Cloud-West,Strength of Company,Die Teamunterstützung könnte durch klarere SLAs und schnellere Reaktionen verbessert werden。 (ref:172)
173,Asia,Singapore,Sydney Office,DC-01,Where can team support be improved,Ich schätze die kollaborative Kultur und die Entwicklungsmöglichkeiten. (ref:173)
174,Africa,Egypt,Mumbai Office,Cloud-West,Where can team support be improved,強力なリーダーシップと明確な戦略的方向性。 よろしくお願いします。 (ref:174)
175,Europe,Italy,Cape Town Hub,Cloud-East,What do you appreciate most about Company?,Aprecio a cultura colaborativa e as oportunidades de crescimento. (ref:175)
176,Africa,Egypt,Paris Office,DC-02,Where can team support be improved,通过更清晰的服务级别协议和更快的响应可以改善团队支持。 Liderança forte e direção estratégica clara. (ref:176)
177,Europe,Germany,Paris Office,DC-02,Strength of Company,强有力的领导和明确的战略方向。 强有力的领导和明确的战略方向。 (ref:177)
178,Oceania,Australia,São Paulo Unit,DC-02,Strength of Company,会社の協力的な文化と成長の機会を評価しています。 (ref:178)
179,Oceania,Australia,Berlin Branch,Cloud-Africa,Where can team support be improved,明確なSLAと迅速な対応でチームのサポートを改善できます。 (ref:179)
180,Oceania,New Zealand,Sydney Office,Cloud-East,Strength of Company,Mehr Investitionen in Tools und Automatisierung wären hilfreich. (ref:180)
181,South America,Chile,Mumbai Office,DC-01,Areas of improvement,Starke Führung und klare strategische Ausrichtung. (ref:181)
182,Asia,India,Madrid Office,DC-05,What do you appreciate most about Company?,Ich schätze die kollaborative Kultur und die Entwicklungsmöglichkeiten. (ref:182)
183,Africa,Egypt,Cape Town Hub,DC-07,What do you appreciate most about Company?,ツールと自動化への投資を増やすと良いでしょう。 (ref:183)
184,South America,Peru,Cape Town Hub,DC-06,Strength of Company,Más inversión en herramientas y automatización ayudaría. Aprecio a cultura colaborativa e as oportunidades de crescimento. Liderança forte e direção estratégica clara. (ref:184)
185,Asia,South Korea,Singapore Office,DC-03,What do you appreciate most about Company?,Más inversión en herramientas y automatización ayudaría. (ref:185)
186,Africa,Nigeria,Madrid Office,Cloud-East,Areas of improvement,明確なSLAと迅速な対応でチームのサポートを改善できます。 (ref:186)
187,Africa,South Africa,Toronto Branch,Cloud-East,What do you appreciate most about Company?,在工具和自动化方面投入更多会有帮助。 (ref:187)
188,South America,Chile,Seoul Office,DC-07,Strength of Company,ツールと自動化への投資を増やすと良いでしょう。 (ref:188)
189,South America,Chile,Singapore Office,Cloud-West,Strength of Company,Ich schätze die kollaborative Kultur und die Entwicklungsmöglichkeiten. (ref:189)
190,North America,Mexico,Toronto Branch,Cloud-East,Strength of Company,通过更清晰的服务级别协议和更快的响应可以改善团队支持。 (ref:190)
191,Africa,South Africa,Singapore Office,Cloud-West,Areas of improvement,Starke Führung und klare strategische Ausrichtung. 谢谢。 (ref:191)
192,South America,Colombia,São Paulo Unit,DC-04,Strength of Company,Starke Führung und klare strategische Ausrichtung. (ref:192)
193,Asia,South Korea,Toronto Branch,DC-06,What do you appreciate most about Company?,明確なSLAと迅速な対応でチームのサポートを改善できます。 (ref:193)
194,Africa,Egypt,Berlin Branch,DC-03,Strength of Company,明確なSLAと迅速な対応でチームのサポートを改善できます。 Team support could be improved by clearer SLAs and faster responses. (ref:194)
195,Europe,United Kingdom,Pune Office,Cloud-West,Areas of improvement,Strong leadership and clear strategic direction. (ref:195)
196,Africa,Kenya,Toronto Branch,Cloud-Africa,Strength of Company,Starke Führung und klare strategische Ausrichtung. (ref:196)
197,North America,USA,Madrid Office,DC-07,Where can team support be improved,Starke Führung und klare strategische Ausrichtung. (ref:197)
198,Africa,Egypt,Berlin Branch,DC-04,Strength of Company,Me gusta el ambiente de trabajo colaborativo y las oportunidades de crecimiento. El apoyo del equipo podría mejorar con SLAs más claros y respuestas más rápidas. (ref:198)
199,South America,Peru,Tokyo Hub,DC-06,What do you appreciate most about Company?,明確なSLAと迅速な対応でチームのサポートを改善できます。 Danke! (ref:199)
200,Africa,Nigeria,Sydney Office,Cloud-West,What do you appreciate most about Company?,Strong leadership and clear strategic direction. Más inversión en herramientas y automatización ayudaría. (ref:200)
201,Asia,Singapore,Pune Office,Cloud-West,Areas of improvement,Ich schätze die kollaborative Kultur und die Entwicklungsmöglichkeiten. (ref:201)
202,Asia,China,Tokyo Hub,Cloud-East,Strength of Company,Starke Führung und klare strategische Ausrichtung. (ref:202)
203,North America,Mexico,Sydney Office,DC-03,Where can team support be improved,I appreciate the collaborative culture and growth opportunities. (ref:203)
204,Asia,China,São Paulo Unit,DC-03,Where can team support be improved,Starke Führung und klare strategische Ausrichtung. (ref:204)
205,Asia,India,São Paulo Unit,Cloud-West,Where can team support be improved,Mehr Investitionen in Tools und Automatisierung wären hilfreich. (ref:205)
206,Asia,South Korea,Mumbai Office,DC-04,Strength of Company,I appreciate the collaborative culture and growth opportunities. (ref:206)
207,Europe,Italy,Beijing Center,DC-03,What do you appreciate most about Company?,强有力的领导和明确的战略方向。 Obrigado. (ref:207)
208,Africa,South Africa,Beijing Center,Cloud-Africa,What do you appreciate most about Company?,强有力的领导和明确的战略方向。 (ref:208)
209,Asia,China,Toronto Branch,DC-02,Areas of improvement,Die Teamunterstützung könnte durch klarere SLAs und schnellere Reaktionen verbessert werden。 (ref:209)
210,Africa,Kenya,Berlin Branch,DC-01,Areas of improvement,El apoyo del equipo podría mejorar con SLAs más claros y respuestas más rápidas. Thank you. (ref:210)
211,North America,Mexico,Cape Town Hub,DC-03,Strength of Company,明確なSLAと迅速な対応でチームのサポートを改善できます。 (ref:211)
212,Asia,China,São Paulo Unit,DC-01,Strength of Company,Liderança forte e direção estratégica clara. Starke Führung und klare strategische Ausrichtung. (ref:212)
213,Africa,Egypt,New York Branch,DC-01,Strength of Company,明確なSLAと迅速な対応でチームのサポートを改善できます。 Thank you. (ref:213)
214,South America,Chile,Tokyo Hub,Cloud-East,Where can team support be improved,通过更清晰的服务级别协议和更快的响应可以改善团队支持。 Más inversión en herramientas y automatización ayudaría. (ref:214)
215,North America,Canada,Berlin Branch,Cloud-Africa,Where can team support be improved,Mais investimento em ferramentas e automação ajudaria. (ref:215)
216,Asia,Singapore,Tokyo Hub,Cloud-West,Strength of Company,Liderança forte e direção estratégica clara. よろしくお願いします。 (ref:216)
217,Oceania,New Zealand,New York Branch,Cloud-Africa,Where can team support be improved,Más inversión en herramientas y automatización ayudaría. (ref:217)
218,Asia,China,Mumbai Office,Cloud-West,Areas of improvement,Me gusta el ambiente de trabajo colaborativo y las oportunidades de crecimiento. Thank you. (ref:218)
219,North America,Canada,Paris Office,DC-03,What do you appreciate most about Company?,Team support could be improved by clearer SLAs and faster responses. (ref:219)
220,North America,USA,Berlin Branch,DC-02,Strength of Company,强有力的领导和明确的战略方向。 (ref:220)
221,Africa,South Africa,Mumbai Office,DC-03,Where can team support be improved,强有力的领导和明确的战略方向。 Más inversión en herramientas y automatización ayudaría. (ref:221)
222,Africa,Nigeria,Paris Office,Cloud-East,Where can team support be improved,Liderazgo fuerte y dirección estratégica clara. (ref:222)
223,Asia,India,Seoul Office,DC-03,Where can team support be improved,在工具和自动化方面投入更多会有帮助。 よろしくお願いします。 (ref:223)
224,Oceania,New Zealand,São Paulo Unit,DC-07,Areas of improvement,Mehr Investitionen in Tools und Automatisierung wären hilfreich. (ref:224)
225,Europe,Germany,Cape Town Hub,DC-03,Where can team support be improved,Die Teamunterstützung könnte durch klarere SLAs und schnellere Reaktionen verbessert werden。 Liderança forte e direção estratégica clara. Die Teamunterstützung könnte durch klarere SLAs und schnellere Reaktionen verbessert werden。 (ref:225)
226,Asia,South Korea,Paris Office,DC-05,Areas of improvement,O suporte da equipe pode ser melhorado com SLAs mais claros e respostas mais rápidas。 O suporte da equipe pode ser melhorado com SLAs mais claros e respostas mais rápidas。 (ref:226)
227,Oceania,Australia,Toronto Branch,Cloud-East,Strength of Company,J'apprécie la culture collaborative et les opportunités de développement. (ref:227)
228,Europe,United Kingdom,Pune Office,Cloud-East,Areas of improvement,在工具和自动化方面投入更多会有帮助。 Gracias. (ref:228)
229,Asia,China,Beijing Center,Cloud-Africa,Where can team support be improved,ツールと自動化への投資を増やすと良いでしょう。 よろしくお願いします。 (ref:229)
230,Oceania,Australia,Cape Town Hub,Cloud-Africa,Areas of improvement,明確なSLAと迅速な対応でチームのサポートを改善できます。 (ref:230)
231,Africa,Nigeria,Toronto Branch,DC-03,Where can team support be improved,Me gusta el ambiente de trabajo colaborativo y las oportunidades de crecimiento. (ref:231)
232,Africa,Nigeria,New York Branch,DC-03,Strength of Company,O suporte da equipe pode ser melhorado com SLAs mais claros e respostas mais rápidas。 (ref:232)
233,Africa,Kenya,Sydney Office,DC-02,Areas of improvement,在工具和自动化方面投入更多会有帮助。 (ref:233)
234,Oceania,New Zealand,Mumbai Office,DC-06,What do you appreciate most about Company?,会社の協力的な文化と成長の機会を評価しています。 (ref:234)
235,Africa,Nigeria,Berlin Branch,DC-07,Areas of improvement,ツールと自動化への投資を増やすと良いでしょう。 Me gusta el ambiente de trabajo colaborativo y las oportunidades de crecimiento. (ref:235)
236,Asia,India,Pune Office,DC-07,Areas of improvement,明確なSLAと迅速な対応でチームのサポートを改善できます。 (ref:236)
237,Africa,South Africa,Cape Town Hub,DC-06,Areas of improvement,Starke Führung und klare strategische Ausrichtung. (ref:237)
238,Oceania,New Zealand,New York Branch,Cloud-Africa,What do you appreciate most about Company?,会社の協力的な文化と成長の機会を評価しています。 (ref:238)
239,North America,Canada,São Paulo Unit,Cloud-East,Strength of Company,O suporte da equipe pode ser melhorado com SLAs mais claros e respostas mais rápidas。 (ref:239)
240,South America,Colombia,Berlin Branch,Cloud-East,What do you appreciate most about Company?,Más inversión en herramientas y automatización ayudaría. Danke! (ref:240)
241,Europe,France,Tokyo Hub,DC-01,Areas of improvement,Team support could be improved by clearer SLAs and faster responses. More investment in tooling and automation would help. (ref:241)
242,Europe,Spain,Mumbai Office,Cloud-East,Strength of Company,Mehr Investitionen in Tools und Automatisierung wären hilfreich. (ref:242)
243,North America,Canada,New York Branch,Cloud-Africa,What do you appreciate most about Company?,強力なリーダーシップと明確な戦略的方向性。 (ref:243)
244,Europe,France,Mumbai Office,Cloud-East,What do you appreciate most about Company?,Mehr Investitionen in Tools und Automatisierung wären hilfreich. (ref:244)
245,Oceania,New Zealand,New York Branch,DC-06,What do you appreciate most about Company?,More investment in tooling and automation would help. 我很欣赏公司的协作文化和职业发展机会。 (ref:245)
246,Oceania,New Zealand,Toronto Branch,Cloud-West,Areas of improvement,Me gusta el ambiente de trabajo colaborativo y las oportunidades de crecimiento. (ref:246)
247,Europe,Spain,Paris Office,DC-05,What do you appreciate most about Company?,Más inversión en herramientas y automatización ayudaría. (ref:247)
248,South America,Peru,Singapore Office,DC-07,What do you appreciate most about Company?,Aprecio a cultura colaborativa e as oportunidades de crescimento. (ref:248)
249,South America,Peru,Madrid Office,DC-03,Strength of Company,強力なリーダーシップと明確な戦略的方向性。 (ref:249)
250,Asia,India,Berlin Branch,Cloud-East,Where can team support be improved,我很欣赏公司的协作文化和职业发展机会。 (ref:250)
251,Africa,Nigeria,Madrid Office,DC-07,Areas of improvement,Team support could be improved by clearer SLAs and faster responses. (ref:251)
252,South America,Peru,Madrid Office,DC-06,Where can team support be improved,Starke Führung und klare strategische Ausrichtung. (ref:252)
253,Asia,China,Madrid Office,DC-02,Where can team support be improved,通过更清晰的服务级别协议和更快的响应可以改善团队支持。 (ref:253)
254,Oceania,Australia,Mumbai Office,Cloud-Africa,Areas of improvement,明確なSLAと迅速な対応でチームのサポートを改善できます。 ツールと自動化への投資を増やすと良いでしょう。 ツールと自動化への投資を増やすと良いでしょう。 (ref:254)
255,Asia,South Korea,Cape Town Hub,DC-03,Where can team support be improved,Die Teamunterstützung könnte durch klarere SLAs und schnellere Reaktionen verbessert werden。 (ref:255)
256,Africa,South Africa,São Paulo Unit,DC-01,Where can team support be improved,我很欣赏公司的协作文化和职业发展机会。 (ref:256)
257,Europe,United Kingdom,Paris Office,DC-07,Where can team support be improved,通过更清晰的服务级别协议和更快的响应可以改善团队支持。 通过更清晰的服务级别协议和更快的响应可以改善团队支持。 谢谢。 (ref:257)
258,Africa,Nigeria,Paris Office,Cloud-East,Where can team support be improved,Liderança forte e direção estratégica clara. (ref:258)
259,North America,Mexico,Madrid Office,DC-06,Areas of improvement,通过更清晰的服务级别协议和更快的响应可以改善团队支持。 (ref:259)
260,Oceania,New Zealand,Mumbai Office,Cloud-Africa,Strength of Company,Liderazgo fuerte y dirección estratégica clara. 在工具和自动化方面投入更多会有帮助。 Starke Führung und klare strategische Ausrichtung. (ref:260)
261,South America,Chile,Seoul Office,DC-04,Where can team support be improved,强有力的领导和明确的战略方向。 (ref:261)
262,Oceania,New Zealand,New York Branch,DC-02,Where can team support be improved,強力なリーダーシップと明確な戦略的方向性。 强有力的领导和明确的战略方向。 (ref:262)
263,Europe,Spain,Pune Office,DC-05,What do you appreciate most about Company?,Más inversión en herramientas y automatización ayudaría. (ref:263)
264,Oceania,New Zealand,São Paulo Unit,DC-04,Areas of improvement,O suporte da equipe pode ser melhorado com SLAs mais claros e respostas mais rápidas。 Liderazgo fuerte y dirección estratégica clara. Obrigado. (ref:264)
265,Oceania,Australia,São Paulo Unit,DC-01,Strength of Company,Me gusta el ambiente de trabajo colaborativo y las oportunidades de crecimiento. よろしくお願いします。 (ref:265)
266,Oceania,New Zealand,Tokyo Hub,DC-03,What do you appreciate most about Company?,会社の協力的な文化と成長の機会を評価しています。 More investment in tooling and automation would help. El apoyo del equipo podría mejorar con SLAs más claros y respuestas más rápidas. (ref:266)
267,North America,Canada,Singapore Office,DC-04,Areas of improvement,El apoyo del equipo podría mejorar con SLAs más claros y respuestas más rápidas. Gracias. (ref:267)
268,Oceania,Australia,Paris Office,DC-01,Strength of Company,会社の協力的な文化と成長の機会を評価しています。 (ref:268)
269,Asia,Singapore,Toronto Branch,Cloud-Africa,Strength of Company,Starke Führung und klare strategische Ausrichtung. Me gusta el ambiente de trabajo colaborativo y las oportunidades de crecimiento. Obrigado. (ref:269)
270,Africa,South Africa,Madrid Office,DC-05,Where can team support be improved,在工具和自动化方面投入更多会有帮助。 Mais investimento em ferramentas e automação ajudaria. Mehr Investitionen in Tools und Automatisierung wären hilfreich. (ref:270)
271,Europe,Italy,Cape Town Hub,DC-05,Strength of Company,Liderança forte e direção estratégica clara. 会社の協力的な文化と成長の機会を評価しています。 (ref:271)
272,Oceania,New Zealand,Seoul Office,DC-03,What do you appreciate most about Company?,Starke Führung und klare strategische Ausrichtung. (ref:272)
273,Europe,France,Mumbai Office,Cloud-West,Where can team support be improved,Ich schätze die kollaborative Kultur und die Entwicklungsmöglichkeiten. (ref:273)
274,Asia,Japan,Berlin Branch,Cloud-Africa,Areas of improvement,I appreciate the collaborative culture and growth opportunities. Liderazgo fuerte y dirección estratégica clara. (ref:274)
275,North America,Canada,Madrid Office,DC-05,What do you appreciate most about Company?,强有力的领导和明确的战略方向。 (ref:275)
276,Asia,India,Cape Town Hub,DC-05,Strength of Company,Mais investimento em ferramentas e automação ajudaria. (ref:276)
277,Oceania,New Zealand,Seoul Office,DC-02,Areas of improvement,Strong leadership and clear strategic direction. (ref:277)
278,Europe,United Kingdom,Berlin Branch,Cloud-Africa,Areas of improvement,在工具和自动化方面投入更多会有帮助。 (ref:278)
279,Africa,Nigeria,Toronto Branch,DC-04,What do you appreciate most about Company?,Mais investimento em ferramentas e automação ajudaria. (ref:279)
280,Asia,South Korea,Tokyo Hub,DC-01,Strength of Company,我很欣赏公司的协作文化和职业发展机会。 Obrigado. (ref:280)
281,North America,USA,Singapore Office,DC-04,Where can team support be improved,Mais investimento em ferramentas e automação ajudaria. (ref:281)
282,Asia,Singapore,Berlin Branch,DC-06,Where can team support be improved,Me gusta el ambiente de trabajo colaborativo y las oportunidades de crecimiento. (ref:282)
283,Oceania,New Zealand,Seoul Office,DC-01,Where can team support be improved,I appreciate the collaborative culture and growth opportunities. (ref:283)
284,Africa,South Africa,Pune Office,Cloud-West,Areas of improvement,在工具和自动化方面投入更多会有帮助。 (ref:284)
285,Asia,Singapore,Pune Office,DC-05,Where can team support be improved,我很欣赏公司的协作文化和职业发展机会。 (ref:285)
286,Oceania,New Zealand,Madrid Office,Cloud-West,Where can team support be improved,強力なリーダーシップと明確な戦略的方向性。 強力なリーダーシップと明確な戦略的方向性。 Thank you. (ref:286)
287,Africa,Nigeria,Singapore Office,Cloud-East,What do you appreciate most about Company?,在工具和自动化方面投入更多会有帮助。 (ref:287)
288,Europe,France,Sydney Office,DC-01,What do you appreciate most about Company?,Más inversión en herramientas y automatización ayudaría. Die Teamunterstützung könnte durch klarere SLAs und schnellere Reaktionen verbessert werden。 通过更清晰的服务级别协议和更快的响应可以改善团队支持。 (ref:288)
289,Africa,Egypt,Sydney Office,DC-04,Strength of Company,我很欣赏公司的协作文化和职业发展机会。 (ref:289)
290,Oceania,Australia,Pune Office,Cloud-West,What do you appreciate most about Company?,Ich schätze die kollaborative Kultur und die Entwicklungsmöglichkeiten. Gracias. (ref:290)
291,North America,Mexico,Singapore Office,DC-01,Strength of Company,強力なリーダーシップと明確な戦略的方向性。 (ref:291)
292,Africa,Nigeria,Toronto Branch,DC-01,Strength of Company,Starke Führung und klare strategische Ausrichtung. (ref:292)
293,Oceania,New Zealand,Mumbai Office,DC-07,Areas of improvement,我很欣赏公司的协作文化和职业发展机会。 (ref:293)
294,Africa,Nigeria,Beijing Center,DC-05,Areas of improvement,ツールと自動化への投資を増やすと良いでしょう。 (ref:294)
295,Europe,United Kingdom,Paris Office,Cloud-Africa,What do you appreciate most about Company?,El apoyo del equipo podría mejorar con SLAs más claros y respuestas más rápidas. Die Teamunterstützung könnte durch klarere SLAs und schnellere Reaktionen verbessert werden。 強力なリーダーシップと明確な戦略的方向性。 (ref:295)
296,South America,Colombia,Beijing Center,DC-03,Areas of improvement,明確なSLAと迅速な対応でチームのサポートを改善できます。 (ref:296)
297,Europe,France,New York Branch,DC-03,Where can team support be improved,在工具和自动化方面投入更多会有帮助。 More investment in tooling and automation would help. (ref:297)
298,Africa,Nigeria,Beijing Center,DC-04,Areas of improvement,El apoyo del equipo podría mejorar con SLAs más claros y respuestas más rápidas. Danke! (ref:298)
299,South America,Brazil,Paris Office,DC-04,What do you appreciate most about Company?,Die Teamunterstützung könnte durch klarere SLAs und schnellere Reaktionen verbessert werden。 (ref:299)
300,Asia,India,São Paulo Unit,DC-07,Strength of Company,Liderança forte e direção estratégica clara. (ref:300)
301,Asia,Japan,São Paulo Unit,DC-02,Where can team support be improved,O suporte da equipe pode ser melhorado com SLAs mais claros e respostas mais rápidas。 Team support could be improved by clearer SLAs and faster responses. (ref:301)
302,North America,USA,Paris Office,Cloud-East,Areas of improvement,在工具和自动化方面投入更多会有帮助。 (ref:302)
303,South America,Chile,Madrid Office,DC-06,Where can team support be improved,通过更清晰的服务级别协议和更快的响应可以改善团队支持。 (ref:303)
304,South America,Argentina,Madrid Office,Cloud-East,Where can team support be improved,Strong leadership and clear strategic direction. (ref:304)
305,Asia,China,Paris Office,DC-07,Where can team support be improved,J'apprécie la culture collaborative et les opportunités de développement. (ref:305)
306,North America,Mexico,Sydney Office,DC-04,Where can team support be improved,Die Teamunterstützung könnte durch klarere SLAs und schnellere Reaktionen verbessert werden。 (ref:306)
307,North America,Mexico,Singapore Office,Cloud-Africa,Where can team support be improved,强有力的领导和明确的战略方向。 Thank you. (ref:307)
308,Africa,Egypt,Berlin Branch,DC-06,What do you appreciate most about Company?,Ich schätze die kollaborative Kultur und die Entwicklungsmöglichkeiten. (ref:308)
309,Oceania,Australia,Toronto Branch,DC-01,Where can team support be improved,El apoyo del equipo podría mejorar con SLAs más claros y respuestas más rápidas. (ref:309)
310,Oceania,Australia,Pune Office,DC-04,Where can team support be improved,Team support could be improved by clearer SLAs and faster responses. (ref:310)
311,Africa,Egypt,Singapore Office,Cloud-Africa,What do you appreciate most about Company?,在工具和自动化方面投入更多会有帮助。 (ref:311)
312,Asia,South Korea,Seoul Office,DC-05,Areas of improvement,O suporte da equipe pode ser melhorado com SLAs mais claros e respostas mais rápidas。 (ref:312)
313,Europe,Germany,Tokyo Hub,DC-06,Strength of Company,Team support could be improved by clearer SLAs and faster responses. (ref:313)
314,South America,Chile,Toronto Branch,Cloud-West,What do you appreciate most about Company?,強力なリーダーシップと明確な戦略的方向性。 (ref:314)
315,Europe,France,New York Branch,DC-02,What do you appreciate most about Company?,強力なリーダーシップと明確な戦略的方向性。 (ref:315)
316,North America,USA,Singapore Office,DC-01,Strength of Company,More investment in tooling and automation would help. (ref:316)
317,South America,Peru,Sydney Office,DC-02,What do you appreciate most about Company?,O suporte da equipe pode ser melhorado com SLAs mais claros e respostas mais rápidas。 (ref:317)
318,North America,Canada,Pune Office,DC-02,Areas of improvement,ツールと自動化への投資を増やすと良いでしょう。 Die Teamunterstützung könnte durch klarere SLAs und schnellere Reaktionen verbessert werden。 よろしくお願いします。 (ref:318)
319,Asia,Japan,Mumbai Office,DC-03,Where can team support be improved,Starke Führung und klare strategische Ausrichtung. 会社の協力的な文化と成長の機会を評価しています。 (ref:319)
320,Africa,Egypt,Singapore Office,DC-06,Areas of improvement,通过更清晰的服务级别协议和更快的响应可以改善团队支持。 Thank you. (ref:320)
321,Oceania,Australia,Paris Office,Cloud-East,What do you appreciate most about Company?,Strong leadership and clear strategic direction. (ref:321)
322,South America,Peru,Toronto Branch,DC-07,Where can team support be improved,Liderança forte e direção estratégica clara. I appreciate the collaborative culture and growth opportunities. El apoyo del equipo podría mejorar con SLAs más claros y respuestas más rápidas. (ref:322)
323,North America,Canada,São Paulo Unit,Cloud-East,Where can team support be improved,Die Teamunterstützung könnte durch klarere SLAs und schnellere Reaktionen verbessert werden。 (ref:323)
324,North America,USA,Toronto Branch,DC-07,Areas of improvement,O suporte da equipe pode ser melhorado com SLAs mais claros e respostas mais rápidas。 よろしくお願いします。 (ref:324)
325,Europe,United Kingdom,Seoul Office,DC-03,Where can team support be improved,Aprecio a cultura colaborativa e as oportunidades de crescimento. よろしくお願いします。 (ref:325)
326,North America,Canada,Toronto Branch,DC-05,What do you appreciate most about Company?,会社の協力的な文化と成長の機会を評価しています。 (ref:326)
327,Africa,Egypt,Tokyo Hub,DC-01,What do you appreciate most about Company?,Ich schätze die kollaborative Kultur und die Entwicklungsmöglichkeiten. (ref:327)
328,South America,Colombia,Pune Office,DC-05,Where can team support be improved,Ich schätze die kollaborative Kultur und die Entwicklungsmöglichkeiten. (ref:328)
329,Africa,Nigeria,Mumbai Office,DC-06,Strength of Company,会社の協力的な文化と成長の機会を評価しています。 よろしくお願いします。 (ref:329)
330,South America,Colombia,Berlin Branch,DC-02,Strength of Company,More investment in tooling and automation would help. (ref:330)
331,Asia,China,New York Branch,DC-04,Where can team support be improved,J'apprécie la culture collaborative et les opportunités de développement. (ref:331)
332,Europe,Spain,Pune Office,Cloud-West,Areas of improvement,強力なリーダーシップと明確な戦略的方向性。 Liderança forte e direção estratégica clara. (ref:332)
333,North America,Mexico,Mumbai Office,DC-03,Areas of improvement,O suporte da equipe pode ser melhorado com SLAs mais claros e respostas mais rápidas。 (ref:333)
334,South America,Argentina,Beijing Center,Cloud-East,Areas of improvement,El apoyo del equipo podría mejorar con SLAs más claros y respuestas más rápidas. (ref:334)
335,Africa,Nigeria,Madrid Office,Cloud-West,Areas of improvement,強力なリーダーシップと明確な戦略的方向性。 强有力的领导和明确的战略方向。 Obrigado. (ref:335)
336,Europe,Italy,Paris Office,DC-03,What do you appreciate most about Company?,Más inversión en herramientas y automatización ayudaría. O suporte da equipe pode ser melhorado com SLAs mais claros e respostas mais rápidas。 J'apprécie la culture collaborative et les opportunités de développement. (ref:336)
337,South America,Brazil,Sydney Office,Cloud-West,Where can team support be improved,Starke Führung und klare strategische Ausrichtung. (ref:337)
338,Oceania,Australia,Seoul Office,Cloud-West,Where can team support be improved,Team support could be improved by clearer SLAs and faster responses. (ref:338)
339,North America,Mexico,Paris Office,Cloud-West,What do you appreciate most about Company?,强有力的领导和明确的战略方向。 (ref:339)
340,Africa,South Africa,Tokyo Hub,DC-04,Areas of improvement,Team support could be improved by clearer SLAs and faster responses. Thank you. (ref:340)
341,Oceania,New Zealand,Toronto Branch,Cloud-East,Where can team support be improved,Aprecio a cultura colaborativa e as oportunidades de crescimento. (ref:341)
342,Africa,Nigeria,Cape Town Hub,Cloud-East,Where can team support be improved,Die Teamunterstützung könnte durch klarere SLAs und schnellere Reaktionen verbessert werden。 (ref:342)
343,Africa,Nigeria,Madrid Office,DC-01,Where can team support be improved,More investment in tooling and automation would help. (ref:343)
344,Asia,India,Sydney Office,DC-03,Areas of improvement,Más inversión en herramientas y automatización ayudaría. (ref:344)
345,Africa,Egypt,Madrid Office,Cloud-Africa,What do you appreciate most about Company?,O suporte da equipe pode ser melhorado com SLAs mais claros e respostas mais rápidas。 (ref:345)
346,Asia,China,Pune Office,DC-02,What do you appreciate most about Company?,El apoyo del equipo podría mejorar con SLAs más claros y respuestas más rápidas. Aprecio a cultura colaborativa e as oportunidades de crescimento. (ref:346)
347,Europe,France,Paris Office,DC-03,Strength of Company,More investment in tooling and automation would help. (ref:347)
348,Europe,United Kingdom,Singapore Office,DC-03,Strength of Company,More investment in tooling and automation would help. (ref:348)
349,Oceania,Australia,Cape Town Hub,DC-07,Where can team support be improved,O suporte da equipe pode ser melhorado com SLAs mais claros e respostas mais rápidas。 (ref:349)
350,South America,Brazil,Mumbai Office,DC-02,Strength of Company,J'apprécie la culture collaborative et les opportunités de développement. (ref:350)
351,South America,Colombia,Paris Office,Cloud-East,Where can team support be improved,ツールと自動化への投資を増やすと良いでしょう。 よろしくお願いします。 (ref:351)
352,North America,Mexico,Berlin Branch,DC-05,What do you appreciate most about Company?,Liderança forte e direção estratégica clara. よろしくお願いします。 (ref:352)
353,Asia,Japan,Madrid Office,DC-03,Where can team support be improved,我很欣赏公司的协作文化和职业发展机会。 (ref:353)
354,North America,USA,Cape Town Hub,DC-06,Strength of Company,Mehr Investitionen in Tools und Automatisierung wären hilfreich. (ref:354)
355,Europe,Spain,Sydney Office,Cloud-Africa,What do you appreciate most about Company?,I appreciate the collaborative culture and growth opportunities. Mehr Investitionen in Tools und Automatisierung wären hilfreich. Danke! (ref:355)
356,Africa,Egypt,Beijing Center,Cloud-Africa,Where can team support be improved,Más inversión en herramientas y automatización ayudaría. (ref:356)
357,Asia,South Korea,Pune Office,DC-04,Areas of improvement,Strong leadership and clear strategic direction. (ref:357)
358,Europe,United Kingdom,Mumbai Office,Cloud-Africa,What do you appreciate most about Company?,Liderazgo fuerte y dirección estratégica clara. (ref:358)
359,South America,Peru,Sydney Office,DC-01,Where can team support be improved,More investment in tooling and automation would help. Thank you. (ref:359)
360,Europe,Spain,Sydney Office,DC-01,Where can team support be improved,Ich schätze die kollaborative Kultur und die Entwicklungsmöglichkeiten. (ref:360)
361,Asia,Japan,São Paulo Unit,DC-07,Areas of improvement,Team support could be improved by clearer SLAs and faster responses. El apoyo del equipo podría mejorar con SLAs más claros y respuestas más rápidas. (ref:361)
362,Africa,Nigeria,Toronto Branch,DC-04,Strength of Company,ツールと自動化への投資を増やすと良いでしょう。 强有力的领导和明确的战略方向。 (ref:362)
363,Africa,Nigeria,Madrid Office,DC-05,Areas of improvement,Mais investimento em ferramentas e automação ajudaria. (ref:363)
364,Oceania,Australia,Berlin Branch,Cloud-West,What do you appreciate most about Company?,El apoyo del equipo podría mejorar con SLAs más claros y respuestas más rápidas. 我很欣赏公司的协作文化和职业发展机会。 O suporte da equipe pode ser melhorado com SLAs mais claros e respostas mais rápidas。 (ref:364)
365,Europe,France,Seoul Office,Cloud-East,Strength of Company,Die Teamunterstützung könnte durch klarere SLAs und schnellere Reaktionen verbessert werden。 (ref:365)
366,Europe,Italy,Singapore Office,DC-05,Where can team support be improved,Ich schätze die kollaborative Kultur und die Entwicklungsmöglichkeiten. (ref:366)
367,Asia,Singapore,Paris Office,DC-05,Areas of improvement,Mehr Investitionen in Tools und Automatisierung wären hilfreich. (ref:367)
368,Asia,India,Seoul Office,Cloud-Africa,Areas of improvement,在工具和自动化方面投入更多会有帮助。 強力なリーダーシップと明確な戦略的方向性。 (ref:368)
369,North America,USA,Cape Town Hub,DC-05,Areas of improvement,Liderança forte e direção estratégica clara. 在工具和自动化方面投入更多会有帮助。 (ref:369)
370,Africa,Egypt,Toronto Branch,Cloud-East,What do you appreciate most about Company?,El apoyo del equipo podría mejorar con SLAs más claros y respuestas más rápidas. (ref:370)
371,North America,USA,Tokyo Hub,DC-03,Where can team support be improved,More investment in tooling and automation would help. (ref:371)
372,Oceania,Australia,Singapore Office,DC-05,Strength of Company,Liderazgo fuerte y dirección estratégica clara. Ich schätze die kollaborative Kultur und die Entwicklungsmöglichkeiten. (ref:372)
373,South America,Brazil,Madrid Office,DC-03,What do you appreciate most about Company?,Starke Führung und klare strategische Ausrichtung. (ref:373)
374,Europe,United Kingdom,Singapore Office,DC-02,What do you appreciate most about Company?,Mehr Investitionen in Tools und Automatisierung wären hilfreich. Obrigado. (ref:374)
375,Europe,Italy,Singapore Office,Cloud-Africa,What do you appreciate most about Company?,Liderança forte e direção estratégica clara. (ref:375)
376,North America,Mexico,Berlin Branch,Cloud-Africa,What do you appreciate most about Company?,Ich schätze die kollaborative Kultur und die Entwicklungsmöglichkeiten. (ref:376)
377,Asia,India,Madrid Office,Cloud-East,Areas of improvement,明確なSLAと迅速な対応でチームのサポートを改善できます。 (ref:377)
378,Europe,France,Tokyo Hub,DC-06,What do you appreciate most about Company?,会社の協力的な文化と成長の機会を評価しています。 (ref:378)
379,Oceania,Australia,Singapore Office,DC-03,Where can team support be improved,Más inversión en herramientas y automatización ayudaría. (ref:379)
380,Asia,India,Berlin Branch,DC-02,Where can team support be improved,More investment in tooling and automation would help. (ref:380)
381,Europe,France,New York Branch,DC-02,Strength of Company,Team support could be improved by clearer SLAs and faster responses. (ref:381)
382,South America,Brazil,Sydney Office,DC-05,Strength of Company,Mais investimento em ferramentas e automação ajudaria. Danke! (ref:382)
383,South America,Brazil,Toronto Branch,DC-04,Where can team support be improved,Strong leadership and clear strategic direction. (ref:383)
384,Africa,South Africa,Paris Office,DC-01,Areas of improvement,我很欣赏公司的协作文化和职业发展机会。 強力なリーダーシップと明確な戦略的方向性。 (ref:384)
385,Africa,Egypt,Madrid Office,DC-06,Strength of Company,明確なSLAと迅速な対応でチームのサポートを改善できます。 Obrigado. (ref:385)
386,Asia,India,New York Branch,DC-04,What do you appreciate most about Company?,強力なリーダーシップと明確な戦略的方向性。 Mais investimento em ferramentas e automação ajudaria. (ref:386)
387,Oceania,New Zealand,Beijing Center,Cloud-West,What do you appreciate most about Company?,在工具和自动化方面投入更多会有帮助。 (ref:387)
388,South America,Brazil,New York Branch,DC-02,Strength of Company,我很欣赏公司的协作文化和职业发展机会。 在工具和自动化方面投入更多会有帮助。 Liderança forte e direção estratégica clara. (ref:388)
389,Oceania,Australia,New York Branch,Cloud-West,Strength of Company,Ich schätze die kollaborative Kultur und die Entwicklungsmöglichkeiten. (ref:389)
390,Asia,Singapore,Mumbai Office,DC-07,What do you appreciate most about Company?,通过更清晰的服务级别协议和更快的响应可以改善团队支持。 (ref:390)
391,Europe,Germany,Pune Office,DC-03,What do you appreciate most about Company?,强有力的领导和明确的战略方向。 (ref:391)
392,Oceania,New Zealand,Berlin Branch,Cloud-East,Strength of Company,Liderazgo fuerte y dirección estratégica clara. (ref:392)
393,Asia,India,Madrid Office,Cloud-West,Areas of improvement,Liderazgo fuerte y dirección estratégica clara. (ref:393)
394,Africa,South Africa,Cape Town Hub,Cloud-Africa,Areas of improvement,ツールと自動化への投資を増やすと良いでしょう。 谢谢。 (ref:394)
395,South America,Brazil,Mumbai Office,DC-02,Strength of Company,I appreciate the collaborative culture and growth opportunities. Gracias. (ref:395)
396,Europe,Germany,Cape Town Hub,Cloud-East,Where can team support be improved,会社の協力的な文化と成長の機会を評価しています。 Me gusta el ambiente de trabajo colaborativo y las oportunidades de crecimiento. (ref:396)
397,Oceania,New Zealand,São Paulo Unit,Cloud-East,Strength of Company,通过更清晰的服务级别协议和更快的响应可以改善团队支持。 (ref:397)
398,Asia,South Korea,Madrid Office,DC-02,What do you appreciate most about Company?,Mais investimento em ferramentas e automação ajudaria. (ref:398)
399,North America,USA,Cape Town Hub,DC-05,Areas of improvement,在工具和自动化方面投入更多会有帮助。 (ref:399)
400,South America,Argentina,New York Branch,DC-07,Areas of improvement,Strong leadership and clear strategic direction. (ref:400)
401,Africa,Egypt,Toronto Branch,DC-04,Strength of Company,More investment in tooling and automation would help. Obrigado. (ref:401)
402,South America,Brazil,Madrid Office,DC-01,Where can team support be improved,通过更清晰的服务级别协议和更快的响应可以改善团队支持。 Starke Führung und klare strategische Ausrichtung. Obrigado. (ref:402)
403,Europe,United Kingdom,Cape Town Hub,DC-01,Strength of Company,Ich schätze die kollaborative Kultur und die Entwicklungsmöglichkeiten. 谢谢。 (ref:403)
404,Africa,Egypt,Seoul Office,Cloud-East,Where can team support be improved,Ich schätze die kollaborative Kultur und die Entwicklungsmöglichkeiten. ツールと自動化への投資を増やすと良いでしょう。 Aprecio a cultura colaborativa e as oportunidades de crescimento. (ref:404)
405,Oceania,New Zealand,Tokyo Hub,DC-07,What do you appreciate most about Company?,我很欣赏公司的协作文化和职业发展机会。 (ref:405)
406,South America,Chile,Toronto Branch,Cloud-West,Areas of improvement,Liderazgo fuerte y dirección estratégica clara. (ref:406)
407,Europe,France,Toronto Branch,DC-07,What do you appreciate most about Company?,会社の協力的な文化と成長の機会を評価しています。 (ref:407)
408,South America,Colombia,Tokyo Hub,DC-06,Areas of improvement,J'apprécie la culture collaborative et les opportunités de développement. Más inversión en herramientas y automatización ayudaría. Starke Führung und klare strategische Ausrichtung. (ref:408)
409,Asia,India,Berlin Branch,DC-05,What do you appreciate most about Company?,Liderança forte e direção estratégica clara. Thank you. (ref:409)
410,Europe,Spain,Beijing Center,DC-06,What do you appreciate most about Company?,Liderazgo fuerte y dirección estratégica clara. (ref:410)
411,Europe,Germany,Beijing Center,Cloud-Africa,Strength of Company,Aprecio a cultura colaborativa e as oportunidades de crescimento. (ref:411)
412,Europe,Germany,Pune Office,DC-01,Strength of Company,強力なリーダーシップと明確な戦略的方向性。 (ref:412)
413,Oceania,Australia,Mumbai Office,DC-07,Areas of improvement,Ich schätze die kollaborative Kultur und die Entwicklungsmöglichkeiten. I appreciate the collaborative culture and growth opportunities. (ref:413)
414,Europe,United Kingdom,Toronto Branch,DC-03,What do you appreciate most about Company?,Liderança forte e direção estratégica clara. Aprecio a cultura colaborativa e as oportunidades de crescimento. Danke! (ref:414)
415,Asia,Japan,Mumbai Office,Cloud-West,Where can team support be improved,強力なリーダーシップと明確な戦略的方向性。 (ref:415)
416,Europe,Spain,São Paulo Unit,DC-03,Areas of improvement,我很欣赏公司的协作文化和职业发展机会。 Obrigado. (ref:416)
417,Africa,Nigeria,Singapore Office,DC-05,Where can team support be improved,在工具和自动化方面投入更多会有帮助。 (ref:417)
418,Asia,China,Beijing Center,DC-03,Where can team support be improved,Mais investimento em ferramentas e automação ajudaria. (ref:418)
419,Africa,South Africa,Beijing Center,Cloud-East,Where can team support be improved,Mehr Investitionen in Tools und Automatisierung wären hilfreich. (ref:419)
420,Africa,Kenya,Beijing Center,DC-05,Strength of Company,Team support could be improved by clearer SLAs and faster responses. (ref:420)
421,South America,Brazil,Toronto Branch,Cloud-Africa,Areas of improvement,Strong leadership and clear strategic direction. (ref:421)
422,Asia,Japan,Singapore Office,DC-04,Areas of improvement,通过更清晰的服务级别协议和更快的响应可以改善团队支持。 谢谢。 (ref:422)
423,Africa,Egypt,Madrid Office,DC-03,Strength of Company,Liderança forte e direção estratégica clara. (ref:423)
424,Oceania,New Zealand,Mumbai Office,DC-01,Areas of improvement,ツールと自動化への投資を増やすと良いでしょう。 我很欣赏公司的协作文化和职业发展机会。 (ref:424)
425,Europe,United Kingdom,Paris Office,DC-05,Strength of Company,Ich schätze die kollaborative Kultur und die Entwicklungsmöglichkeiten. Obrigado. (ref:425)
426,Europe,Germany,Paris Office,Cloud-Africa,What do you appreciate most about Company?,Team support could be improved by clearer SLAs and faster responses. (ref:426)
427,Europe,Spain,Seoul Office,DC-03,Areas of improvement,我很欣赏公司的协作文化和职业发展机会。 (ref:427)
428,Europe,Germany,Sydney Office,DC-06,Areas of improvement,强有力的领导和明确的战略方向。 O suporte da equipe pode ser melhorado com SLAs mais claros e respostas mais rápidas。 Die Teamunterstützung könnte durch klarere SLAs und schnellere Reaktionen verbessert werden。 (ref:428)
429,Asia,China,New York Branch,Cloud-East,Strength of Company,通过更清晰的服务级别协议和更快的响应可以改善团队支持。 More investment in tooling and automation would help. El apoyo del equipo podría mejorar con SLAs más claros y respuestas más rápidas. (ref:429)
430,Oceania,New Zealand,Berlin Branch,DC-06,Areas of improvement,ツールと自動化への投資を増やすと良いでしょう。 (ref:430)
431,North America,Canada,Seoul Office,DC-05,Strength of Company,I appreciate the collaborative culture and growth opportunities. (ref:431)
432,Africa,Egypt,Sydney Office,DC-07,What do you appreciate most about Company?,Liderança forte e direção estratégica clara. (ref:432)
433,Africa,Nigeria,Singapore Office,DC-07,What do you appreciate most about Company?,我很欣赏公司的协作文化和职业发展机会。 Liderança forte e direção estratégica clara. (ref:433)
434,Europe,Spain,Madrid Office,DC-03,What do you appreciate most about Company?,Die Teamunterstützung könnte durch klarere SLAs und schnellere Reaktionen verbessert werden。 El apoyo del equipo podría mejorar con SLAs más claros y respuestas más rápidas. (ref:434)
435,South America,Colombia,Pune Office,DC-05,Strength of Company,Ich schätze die kollaborative Kultur und die Entwicklungsmöglichkeiten. (ref:435)
436,Asia,India,Pune Office,Cloud-West,Where can team support be improved,会社の協力的な文化と成長の機会を評価しています。 (ref:436)
437,North America,Canada,Madrid Office,DC-06,Where can team support be improved,Mehr Investitionen in Tools und Automatisierung wären hilfreich. (ref:437)
438,Africa,Nigeria,Berlin Branch,Cloud-Africa,What do you appreciate most about Company?,Me gusta el ambiente de trabajo colaborativo y las oportunidades de crecimiento. (ref:438)
439,South America,Chile,Tokyo Hub,DC-02,Areas of improvement,強力なリーダーシップと明確な戦略的方向性。 Gracias. (ref:439)
440,Africa,South Africa,Madrid Office,DC-07,Where can team support be improved,More investment in tooling and automation would help. (ref:440)
441,Europe,Italy,Beijing Center,DC-03,What do you appreciate most about Company?,J'apprécie la culture collaborative et les opportunités de développement. (ref:441)
442,North America,Mexico,Paris Office,DC-06,Areas of improvement,Starke Führung und klare strategische Ausrichtung. (ref:442)
443,Asia,Singapore,Mumbai Office,DC-06,Where can team support be improved,强有力的领导和明确的战略方向。 Gracias. (ref:443)
444,South America,Peru,Cape Town Hub,DC-04,What do you appreciate most about Company?,会社の協力的な文化と成長の機会を評価しています。 (ref:444)
445,Asia,Singapore,Sydney Office,DC-02,Areas of improvement,Mehr Investitionen in Tools und Automatisierung wären hilfreich. (ref:445)
446,Oceania,New Zealand,Tokyo Hub,DC-06,Where can team support be improved,強力なリーダーシップと明確な戦略的方向性。 (ref:446)
447,North America,USA,New York Branch,Cloud-Africa,Where can team support be improved,Liderazgo fuerte y dirección estratégica clara. (ref:447)
448,Europe,Germany,Tokyo Hub,Cloud-East,Where can team support be improved,ツールと自動化への投資を増やすと良いでしょう。 Strong leadership and clear strategic direction. 在工具和自动化方面投入更多会有帮助。 Danke! (ref:448)
449,Africa,Egypt,Paris Office,Cloud-Africa,Strength of Company,Ich schätze die kollaborative Kultur und die Entwicklungsmöglichkeiten. (ref:449)
450,Oceania,Australia,Paris Office,DC-07,Strength of Company,明確なSLAと迅速な対応でチームのサポートを改善できます。 (ref:450)
451,Europe,France,Toronto Branch,DC-04,Strength of Company,Ich schätze die kollaborative Kultur und die Entwicklungsmöglichkeiten. (ref:451)
452,North America,USA,Sydney Office,DC-03,Areas of improvement,通过更清晰的服务级别协议和更快的响应可以改善团队支持。 (ref:452)
453,Asia,India,Beijing Center,DC-06,Where can team support be improved,Liderazgo fuerte y dirección estratégica clara. (ref:453)
454,Asia,South Korea,Mumbai Office,DC-06,Where can team support be improved,我很欣赏公司的协作文化和职业发展机会。 Obrigado. (ref:454)
455,Africa,South Africa,Tokyo Hub,DC-07,What do you appreciate most about Company?,在工具和自动化方面投入更多会有帮助。 (ref:455)
456,North America,Canada,Beijing Center,Cloud-Africa,Where can team support be improved,Liderazgo fuerte y dirección estratégica clara. (ref:456)
457,Africa,Egypt,Pune Office,Cloud-West,Areas of improvement,Me gusta el ambiente de trabajo colaborativo y las oportunidades de crecimiento. (ref:457)
458,South America,Chile,Pune Office,Cloud-East,Areas of improvement,Mehr Investitionen in Tools und Automatisierung wären hilfreich. (ref:458)
459,Oceania,Australia,Sydney Office,DC-04,Strength of Company,通过更清晰的服务级别协议和更快的响应可以改善团队支持。 (ref:459)
460,South America,Chile,Seoul Office,Cloud-West,What do you appreciate most about Company?,J'apprécie la culture collaborative et les opportunités de développement. (ref:460)
461,North America,Mexico,Cape Town Hub,DC-06,Areas of improvement,Mais investimento em ferramentas e automação ajudaria. 会社の協力的な文化と成長の機会を評価しています。 Thank you. (ref:461)
462,Africa,Egypt,Berlin Branch,DC-06,What do you appreciate most about Company?,J'apprécie la culture collaborative et les opportunités de développement. (ref:462)
463,Europe,Germany,Cape Town Hub,DC-01,Areas of improvement,Liderazgo fuerte y dirección estratégica clara. (ref:463)
464,North America,Mexico,Beijing Center,DC-02,What do you appreciate most about Company?,Mehr Investitionen in Tools und Automatisierung wären hilfreich. (ref:464)
465,Europe,United Kingdom,Mumbai Office,DC-06,Areas of improvement,Liderazgo fuerte y dirección estratégica clara. (ref:465)
466,Oceania,Australia,New York Branch,DC-01,Where can team support be improved,ツールと自動化への投資を増やすと良いでしょう。 (ref:466)
467,Europe,France,Singapore Office,DC-04,Strength of Company,More investment in tooling and automation would help. (ref:467)
468,Oceania,Australia,Cape Town Hub,DC-03,Strength of Company,I appreciate the collaborative culture and growth opportunities. (ref:468)
469,Africa,Kenya,Seoul Office,DC-05,Where can team support be improved,强有力的领导和明确的战略方向。 Más inversión en herramientas y automatización ayudaría. (ref:469)
470,North America,Canada,Singapore Office,DC-06,Where can team support be improved,I appreciate the collaborative culture and growth opportunities. (ref:470)
471,Oceania,New Zealand,Paris Office,DC-07,Areas of improvement,Aprecio a cultura colaborativa e as oportunidades de crescimento. (ref:471)
472,South America,Chile,Singapore Office,Cloud-East,Areas of improvement,O suporte da equipe pode ser melhorado com SLAs mais claros e respostas mais rápidas。 (ref:472)
473,Oceania,New Zealand,São Paulo Unit,DC-03,Strength of Company,Team support could be improved by clearer SLAs and faster responses. 強力なリーダーシップと明確な戦略的方向性。 (ref:473)
474,Oceania,Australia,Seoul Office,DC-01,Where can team support be improved,Liderazgo fuerte y dirección estratégica clara. More investment in tooling and automation would help. 強力なリーダーシップと明確な戦略的方向性。 (ref:474)
475,Asia,South Korea,Seoul Office,DC-07,Strength of Company,O suporte da equipe pode ser melhorado com SLAs mais claros e respostas mais rápidas。 (ref:475)
476,Africa,Egypt,Singapore Office,Cloud-East,Areas of improvement,Die Teamunterstützung könnte durch klarere SLAs und schnellere Reaktionen verbessert werden。 在工具和自动化方面投入更多会有帮助。 Gracias. (ref:476)
477,North America,USA,Seoul Office,DC-05,Strength of Company,Liderança forte e direção estratégica clara. El apoyo del equipo podría mejorar con SLAs más claros y respuestas más rápidas. よろしくお願いします。 (ref:477)
478,Europe,Spain,Beijing Center,Cloud-East,Areas of improvement,Starke Führung und klare strategische Ausrichtung. (ref:478)
479,Asia,Singapore,Pune Office,DC-07,What do you appreciate most about Company?,J'apprécie la culture collaborative et les opportunités de développement. (ref:479)
480,Oceania,New Zealand,Paris Office,DC-05,Where can team support be improved,我很欣赏公司的协作文化和职业发展机会。 谢谢。 (ref:480)
481,South America,Colombia,Mumbai Office,Cloud-Africa,Strength of Company,O suporte da equipe pode ser melhorado com SLAs mais claros e respostas mais rápidas。 Gracias. (ref:481)
482,North America,Canada,Singapore Office,DC-03,Areas of improvement,I appreciate the collaborative culture and growth opportunities. (ref:482)
483,Europe,France,Mumbai Office,DC-03,Where can team support be improved,明確なSLAと迅速な対応でチームのサポートを改善できます。 Obrigado. (ref:483)
484,North America,Mexico,Beijing Center,Cloud-West,Where can team support be improved,強力なリーダーシップと明確な戦略的方向性。 I appreciate the collaborative culture and growth opportunities. Me gusta el ambiente de trabajo colaborativo y las oportunidades de crecimiento. (ref:484)
485,Oceania,New Zealand,Pune Office,Cloud-East,Strength of Company,I appreciate the collaborative culture and growth opportunities. (ref:485)
486,Europe,France,Seoul Office,Cloud-East,Areas of improvement,強力なリーダーシップと明確な戦略的方向性。 (ref:486)
487,South America,Argentina,Tokyo Hub,DC-01,Areas of improvement,Más inversión en herramientas y automatización ayudaría. 通过更清晰的服务级别协议和更快的响应可以改善团队支持。 (ref:487)
488,Africa,Kenya,Beijing Center,DC-03,Areas of improvement,Mehr Investitionen in Tools und Automatisierung wären hilfreich. 强有力的领导和明确的战略方向。 明確なSLAと迅速な対応でチームのサポートを改善できます。 Danke! (ref:488)
489,Asia,Japan,São Paulo Unit,DC-03,Strength of Company,ツールと自動化への投資を増やすと良いでしょう。 (ref:489)
490,Asia,China,Seoul Office,DC-01,Where can team support be improved,Liderazgo fuerte y dirección estratégica clara. 明確なSLAと迅速な対応でチームのサポートを改善できます。 (ref:490)
491,Asia,South Korea,Pune Office,DC-02,What do you appreciate most about Company?,Aprecio a cultura colaborativa e as oportunidades de crescimento. (ref:491)
492,North America,USA,Paris Office,DC-05,Where can team support be improved,J'apprécie la culture collaborative et les opportunités de développement. (ref:492)
493,Oceania,Australia,New York Branch,Cloud-West,What do you appreciate most about Company?,Liderazgo fuerte y dirección estratégica clara. (ref:493)
494,Oceania,Australia,Beijing Center,DC-02,What do you appreciate most about Company?,Aprecio a cultura colaborativa e as oportunidades de crescimento. (ref:494)
495,Africa,Nigeria,Toronto Branch,DC-05,Strength of Company,More investment in tooling and automation would help. (ref:495)
496,Asia,South Korea,Cape Town Hub,DC-04,Where can team support be improved,I appreciate the collaborative culture and growth opportunities. Gracias. (ref:496)
497,Asia,South Korea,Singapore Office,Cloud-Africa,Strength of Company,明確なSLAと迅速な対応でチームのサポートを改善できます。 Mais investimento em ferramentas e automação ajudaria. Thank you. (ref:497)
498,Asia,China,Singapore Office,DC-04,Where can team support be improved,Starke Führung und klare strategische Ausrichtung. Liderazgo fuerte y dirección estratégica clara. Más inversión en herramientas y automatización ayudaría. 谢谢。 (ref:498)
499,Asia,China,Madrid Office,Cloud-East,Where can team support be improved,Aprecio a cultura colaborativa e as oportunidades de crescimento. (ref:499)
500,Asia,India,Sydney Office,DC-03,Strength of Company,Más inversión en herramientas y automatización ayudaría. (ref:500)
501,South America,Brazil,Madrid Office,Cloud-East,Strength of Company,強力なリーダーシップと明確な戦略的方向性。 (ref:501)
502,South America,Colombia,Seoul Office,Cloud-Africa,Where can team support be improved,会社の協力的な文化と成長の機会を評価しています。 Thank you. (ref:502)
503,Oceania,Australia,Sydney Office,DC-03,What do you appreciate most about Company?,ツールと自動化への投資を増やすと良いでしょう。 (ref:503)
504,Africa,Egypt,Berlin Branch,DC-07,Where can team support be improved,Team support could be improved by clearer SLAs and faster responses. Thank you. (ref:504)
505,Oceania,Australia,Cape Town Hub,Cloud-Africa,What do you appreciate most about Company?,Más inversión en herramientas y automatización ayudaría. Me gusta el ambiente de trabajo colaborativo y las oportunidades de crecimiento. Thank you. (ref:505)
506,South America,Brazil,Seoul Office,DC-06,Strength of Company,Die Teamunterstützung könnte durch klarere SLAs und schnellere Reaktionen verbessert werden。 Liderança forte e direção estratégica clara. Mais investimento em ferramentas e automação ajudaria. (ref:506)
507,Oceania,Australia,Beijing Center,DC-04,Where can team support be improved,Die Teamunterstützung könnte durch klarere SLAs und schnellere Reaktionen verbessert werden。 (ref:507)
508,Europe,Italy,Mumbai Office,DC-01,What do you appreciate most about Company?,会社の協力的な文化と成長の機会を評価しています。 (ref:508)
509,North America,Canada,Sydney Office,DC-03,What do you appreciate most about Company?,Liderança forte e direção estratégica clara. (ref:509)
510,South America,Brazil,Paris Office,DC-04,Where can team support be improved,Strong leadership and clear strategic direction. Danke! (ref:510)
511,Africa,Egypt,Tokyo Hub,Cloud-Africa,Where can team support be improved,Mehr Investitionen in Tools und Automatisierung wären hilfreich. (ref:511)
512,Asia,India,Beijing Center,Cloud-West,What do you appreciate most about Company?,I appreciate the collaborative culture and growth opportunities. (ref:512)
513,Africa,Kenya,Paris Office,DC-06,Strength of Company,Más inversión en herramientas y automatización ayudaría. (ref:513)
514,South America,Brazil,Sydney Office,DC-04,Where can team support be improved,明確なSLAと迅速な対応でチームのサポートを改善できます。 (ref:514)
515,North America,Mexico,Singapore Office,Cloud-East,Where can team support be improved,明確なSLAと迅速な対応でチームのサポートを改善できます。 (ref:515)
516,Asia,China,Madrid Office,DC-05,Areas of improvement,Me gusta el ambiente de trabajo colaborativo y las oportunidades de crecimiento. (ref:516)
517,North America,USA,Sydney Office,Cloud-West,What do you appreciate most about Company?,J'apprécie la culture collaborative et les opportunités de développement. Danke! (ref:517)
518,Europe,United Kingdom,Sydney Office,DC-04,Areas of improvement,More investment in tooling and automation would help. Thank you. (ref:518)
519,Oceania,Australia,Toronto Branch,Cloud-Africa,Where can team support be improved,Mais investimento em ferramentas e automação ajudaria. Danke! (ref:519)
520,Asia,South Korea,Seoul Office,DC-01,Where can team support be improved,Mehr Investitionen in Tools und Automatisierung wären hilfreich. Mais investimento em ferramentas e automação ajudaria. (ref:520)
521,Europe,Italy,Berlin Branch,DC-03,What do you appreciate most about Company?,Team support could be improved by clearer SLAs and faster responses. (ref:521)
522,South America,Peru,Beijing Center,Cloud-West,Strength of Company,Liderança forte e direção estratégica clara. (ref:522)
523,North America,USA,Berlin Branch,Cloud-West,Areas of improvement,在工具和自动化方面投入更多会有帮助。 Liderança forte e direção estratégica clara. (ref:523)
524,Africa,Nigeria,São Paulo Unit,DC-04,Areas of improvement,Die Teamunterstützung könnte durch klarere SLAs und schnellere Reaktionen verbessert werden。 Thank you. (ref:524)
525,Oceania,Australia,Paris Office,DC-06,Areas of improvement,明確なSLAと迅速な対応でチームのサポートを改善できます。 (ref:525)
526,North America,Mexico,Mumbai Office,Cloud-West,Areas of improvement,More investment in tooling and automation would help. I appreciate the collaborative culture and growth opportunities. (ref:526)
527,Asia,Singapore,Berlin Branch,DC-01,What do you appreciate most about Company?,明確なSLAと迅速な対応でチームのサポートを改善できます。 (ref:527)
528,South America,Chile,Berlin Branch,DC-01,Areas of improvement,在工具和自动化方面投入更多会有帮助。 Danke! (ref:528)
529,Asia,South Korea,Sydney Office,DC-06,Strength of Company,在工具和自动化方面投入更多会有帮助。 (ref:529)
530,Africa,Kenya,Seoul Office,DC-01,Where can team support be improved,Die Teamunterstützung könnte durch klarere SLAs und schnellere Reaktionen verbessert werden。 (ref:530)
531,Africa,South Africa,Pune Office,DC-05,Strength of Company,明確なSLAと迅速な対応でチームのサポートを改善できます。 (ref:531)
532,North America,USA,Singapore Office,Cloud-East,Strength of Company,J'apprécie la culture collaborative et les opportunités de développement. (ref:532)
533,Europe,Germany,Berlin Branch,DC-03,What do you appreciate most about Company?,More investment in tooling and automation would help. (ref:533)
534,South America,Argentina,Berlin Branch,DC-07,Areas of improvement,Más inversión en herramientas y automatización ayudaría. (ref:534)
535,Europe,Germany,Berlin Branch,Cloud-East,What do you appreciate most about Company?,El apoyo del equipo podría mejorar con SLAs más claros y respuestas más rápidas. (ref:535)
536,Oceania,New Zealand,Cape Town Hub,DC-07,Areas of improvement,O suporte da equipe pode ser melhorado com SLAs mais claros e respostas mais rápidas。 (ref:536)
537,Europe,France,Paris Office,DC-02,Strength of Company,在工具和自动化方面投入更多会有帮助。 (ref:537)
538,South America,Argentina,São Paulo Unit,Cloud-East,Areas of improvement,J'apprécie la culture collaborative et les opportunités de développement. (ref:538)
539,Africa,Egypt,Paris Office,DC-01,What do you appreciate most about Company?,Más inversión en herramientas y automatización ayudaría. (ref:539)
540,Oceania,Australia,Pune Office,Cloud-East,Where can team support be improved,Aprecio a cultura colaborativa e as oportunidades de crescimento. 強力なリーダーシップと明確な戦略的方向性。 (ref:540)
541,Oceania,New Zealand,Pune Office,DC-06,Areas of improvement,Mais investimento em ferramentas e automação ajudaria. (ref:541)
542,Asia,China,Singapore Office,DC-04,Areas of improvement,Aprecio a cultura colaborativa e as oportunidades de crescimento. Obrigado. (ref:542)
543,Africa,South Africa,Singapore Office,DC-02,Strength of Company,明確なSLAと迅速な対応でチームのサポートを改善できます。 (ref:543)
544,Oceania,New Zealand,Sydney Office,DC-02,Strength of Company,O suporte da equipe pode ser melhorado com SLAs mais claros e respostas mais rápidas。 (ref:544)
545,Oceania,New Zealand,Singapore Office,DC-02,Strength of Company,O suporte da equipe pode ser melhorado com SLAs mais claros e respostas mais rápidas。 (ref:545)
546,Asia,India,Pune Office,DC-03,Areas of improvement,ツールと自動化への投資を増やすと良いでしょう。 (ref:546)
547,South America,Colombia,Beijing Center,Cloud-Africa,Where can team support be improved,I appreciate the collaborative culture and growth opportunities. (ref:547)
548,Asia,South Korea,Pune Office,DC-07,What do you appreciate most about Company?,ツールと自動化への投資を増やすと良いでしょう。 Gracias. (ref:548)
549,South America,Peru,Tokyo Hub,DC-05,Areas of improvement,Starke Führung und klare strategische Ausrichtung. (ref:549)
550,North America,Canada,Beijing Center,DC-01,Where can team support be improved,Strong leadership and clear strategic direction. Danke! (ref:550)
551,Africa,Kenya,Singapore Office,DC-03,Areas of improvement,通过更清晰的服务级别协议和更快的响应可以改善团队支持。 (ref:551)
552,Asia,South Korea,Sydney Office,DC-06,Strength of Company,I appreciate the collaborative culture and growth opportunities. (ref:552)
553,North America,Mexico,Paris Office,DC-02,Areas of improvement,通过更清晰的服务级别协议和更快的响应可以改善团队支持。 (ref:553)
554,South America,Argentina,Beijing Center,DC-06,Strength of Company,Strong leadership and clear strategic direction. (ref:554)
555,South America,Argentina,Tokyo Hub,DC-03,What do you appreciate most about Company?,在工具和自动化方面投入更多会有帮助。 Más inversión en herramientas y automatización ayudaría. (ref:555)
556,Asia,China,Singapore Office,DC-02,Areas of improvement,通过更清晰的服务级别协议和更快的响应可以改善团队支持。 (ref:556)
557,South America,Chile,Berlin Branch,DC-04,What do you appreciate most about Company?,Ich schätze die kollaborative Kultur und die Entwicklungsmöglichkeiten. (ref:557)
558,South America,Colombia,Cape Town Hub,Cloud-East,Areas of improvement,我很欣赏公司的协作文化和职业发展机会。 (ref:558)
559,South America,Chile,Beijing Center,DC-03,What do you appreciate most about Company?,Strong leadership and clear strategic direction. (ref:559)
560,Oceania,New Zealand,New York Branch,Cloud-East,Strength of Company,Liderança forte e direção estratégica clara. (ref:560)
561,North America,Canada,Madrid Office,DC-05,Where can team support be improved,会社の協力的な文化と成長の機会を評価しています。 (ref:561)
562,Asia,China,Sydney Office,DC-03,Strength of Company,El apoyo del equipo podría mejorar con SLAs más claros y respuestas más rápidas. Gracias. (ref:562)
563,Asia,South Korea,Singapore Office,DC-01,Where can team support be improved,J'apprécie la culture collaborative et les opportunités de développement. (ref:563)
564,Africa,Kenya,Paris Office,DC-06,Where can team support be improved,我很欣赏公司的协作文化和职业发展机会。 (ref:564)
565,Europe,Italy,Seoul Office,DC-05,Strength of Company,Mais investimento em ferramentas e automação ajudaria. よろしくお願いします。 (ref:565)
566,Africa,South Africa,Singapore Office,DC-04,Strength of Company,我很欣赏公司的协作文化和职业发展机会。 (ref:566)
567,Europe,Italy,Mumbai Office,DC-03,Where can team support be improved,Me gusta el ambiente de trabajo colaborativo y las oportunidades de crecimiento. Strong leadership and clear strategic direction. (ref:567)
568,Europe,Germany,New York Branch,Cloud-East,Strength of Company,J'apprécie la culture collaborative et les opportunités de développement. (ref:568)
569,South America,Colombia,Cape Town Hub,Cloud-Africa,What do you appreciate most about Company?,El apoyo del equipo podría mejorar con SLAs más claros y respuestas más rápidas. (ref:569)
570,Oceania,New Zealand,Sydney Office,DC-05,Strength of Company,強力なリーダーシップと明確な戦略的方向性。 (ref:570)
571,Oceania,Australia,Paris Office,DC-05,Where can team support be improved,Strong leadership and clear strategic direction. Mais investimento em ferramentas e automação ajudaria. 強力なリーダーシップと明確な戦略的方向性。 (ref:571)
572,South America,Colombia,Toronto Branch,Cloud-Africa,What do you appreciate most about Company?,我很欣赏公司的协作文化和职业发展机会。 (ref:572)
573,Europe,Germany,Paris Office,DC-05,Strength of Company,会社の協力的な文化と成長の機会を評価しています。 (ref:573)
574,Oceania,Australia,Singapore Office,DC-04,Where can team support be improved,通过更清晰的服务级别协议和更快的响应可以改善团队支持。 Aprecio a cultura colaborativa e as oportunidades de crescimento. (ref:574)
575,North America,Canada,São Paulo Unit,DC-07,Strength of Company,More investment in tooling and automation would help. Gracias. (ref:575)
576,Europe,Italy,Mumbai Office,DC-03,Strength of Company,Me gusta el ambiente de trabajo colaborativo y las oportunidades de crecimiento. (ref:576)
577,Europe,Germany,Berlin Branch,DC-05,Strength of Company,強力なリーダーシップと明確な戦略的方向性。 (ref:577)
578,Africa,South Africa,Seoul Office,DC-05,What do you appreciate most about Company?,Team support could be improved by clearer SLAs and faster responses. (ref:578)
579,North America,USA,São Paulo Unit,Cloud-West,Strength of Company,明確なSLAと迅速な対応でチームのサポートを改善できます。 Thank you. (ref:579)
580,Africa,Kenya,Berlin Branch,Cloud-East,Where can team support be improved,Ich schätze die kollaborative Kultur und die Entwicklungsmöglichkeiten. (ref:580)
581,North America,USA,Tokyo Hub,DC-01,Strength of Company,Mais investimento em ferramentas e automação ajudaria. (ref:581)
582,Europe,Italy,Tokyo Hub,DC-03,Where can team support be improved,Team support could be improved by clearer SLAs and faster responses. Me gusta el ambiente de trabajo colaborativo y las oportunidades de crecimiento. (ref:582)
583,Africa,South Africa,Tokyo Hub,Cloud-Africa,Strength of Company,在工具和自动化方面投入更多会有帮助。 I appreciate the collaborative culture and growth opportunities. (ref:583)
584,Oceania,New Zealand,Paris Office,Cloud-West,Areas of improvement,O suporte da equipe pode ser melhorado com SLAs mais claros e respostas mais rápidas。 Mais investimento em ferramentas e automação ajudaria. (ref:584)
585,North America,Canada,Madrid Office,DC-07,What do you appreciate most about Company?,Liderazgo fuerte y dirección estratégica clara. (ref:585)
586,Europe,Germany,New York Branch,DC-07,Where can team support be improved,I appreciate the collaborative culture and growth opportunities. (ref:586)
587,Asia,South Korea,Paris Office,DC-02,What do you appreciate most about Company?,J'apprécie la culture collaborative et les opportunités de développement. (ref:587)
588,South America,Colombia,Madrid Office,DC-02,Strength of Company,ツールと自動化への投資を増やすと良いでしょう。 (ref:588)
589,Africa,Egypt,Mumbai Office,Cloud-East,Areas of improvement,強力なリーダーシップと明確な戦略的方向性。 明確なSLAと迅速な対応でチームのサポートを改善できます。 J'apprécie la culture collaborative et les opportunités de développement. (ref:589)
590,Africa,Egypt,Berlin Branch,Cloud-East,Where can team support be improved,Starke Führung und klare strategische Ausrichtung. (ref:590)
591,Oceania,New Zealand,Seoul Office,DC-03,What do you appreciate most about Company?,Más inversión en herramientas y automatización ayudaría. (ref:591)
592,Europe,Germany,São Paulo Unit,DC-06,Where can team support be improved,在工具和自动化方面投入更多会有帮助。 (ref:592)
593,Oceania,Australia,Berlin Branch,Cloud-West,What do you appreciate most about Company?,我很欣赏公司的协作文化和职业发展机会。 Mehr Investitionen in Tools und Automatisierung wären hilfreich. (ref:593)
594,North America,USA,Tokyo Hub,DC-05,Strength of Company,Team support could be improved by clearer SLAs and faster responses. Danke! (ref:594)
595,North America,Mexico,Singapore Office,DC-06,Areas of improvement,Team support could be improved by clearer SLAs and faster responses. 谢谢。 (ref:595)
596,Oceania,New Zealand,Cape Town Hub,DC-01,Strength of Company,Mais investimento em ferramentas e automação ajudaria. Starke Führung und klare strategische Ausrichtung. Obrigado. (ref:596)
597,Africa,Nigeria,Mumbai Office,DC-03,What do you appreciate most about Company?,El apoyo del equipo podría mejorar con SLAs más claros y respuestas más rápidas. 谢谢。 (ref:597)
598,Asia,China,Toronto Branch,Cloud-West,Areas of improvement,強力なリーダーシップと明確な戦略的方向性。 (ref:598)
599,Africa,South Africa,Seoul Office,DC-02,What do you appreciate most about Company?,通过更清晰的服务级别协议和更快的响应可以改善团队支持。 (ref:599)
600,Africa,Kenya,Madrid Office,DC-05,Strength of Company,J'apprécie la culture collaborative et les opportunités de développement. (ref:600)